<?xml version="1.0" encoding="UTF-8"?>
<page width="612.0" height="783.0">
<flow xMin="51.8" xMax="394.8" yMin="47.1" yMax="182.2" priMin="0.0" priMax="612.0">
	<block rot="0" xMin="51.8" xMax="247.7" yMin="47.1" yMax="63.8" priMin="0.0" priMax="612.0">
		<line>
			<word xMin="51.8" xMax="139.7" yMin="47.1" yMax="63.8" base="60.0" space="1" fontName="MFPHFK+HelveticaNeueLTStd-Ex" fontSize="18.0" charEdges="51.8,64.8,75.7,88.0,92.0,104.3,111.6,115.6,127.3"><![CDATA[Exploring]]></word>
			<word xMin="145.7" xMax="176.0" yMin="47.1" yMax="63.8" base="60.0" space="1" fontName="MFPHFK+HelveticaNeueLTStd-Ex" fontSize="18.0" charEdges="145.7,152.3,164.0"><![CDATA[the]]></word>
			<word xMin="182.0" xMax="247.7" yMin="47.1" yMax="63.8" base="60.0" space="0" fontName="MFPHFK+HelveticaNeueLTStd-Ex" fontSize="18.0" charEdges="182.0,193.7,205.4,217.4,235.7"><![CDATA[Theme]]></word>
		</line>
	</block>
	<block rot="0" xMin="54.3" xMax="362.4" yMin="89.0" yMax="98.5" priMin="0.0" priMax="612.0">
		<line>
			<word xMin="54.3" xMax="76.5" yMin="89.0" yMax="98.5" base="96.3" space="1" fontName="MFPHGN+HelveticaNeueLTStd-Lt" fontSize="10.3" charEdges="54.3,59.9,65.6,71.3"><![CDATA[Look]]></word>
			<word xMin="79.3" xMax="87.7" yMin="89.0" yMax="98.5" base="96.3" space="1" fontName="MFPHGN+HelveticaNeueLTStd-Lt" fontSize="10.3" charEdges="79.3,84.6"><![CDATA[at]]></word>
			<word xMin="90.5" xMax="104.4" yMin="89.0" yMax="98.5" base="96.3" space="1" fontName="MFPHGN+HelveticaNeueLTStd-Lt" fontSize="10.3" charEdges="90.5,93.6,99.1"><![CDATA[the]]></word>
			<word xMin="107.3" xMax="156.4" yMin="89.0" yMax="98.5" base="96.3" space="1" fontName="MFPHGN+HelveticaNeueLTStd-Lt" fontSize="10.3" charEdges="107.3,109.2,114.7,117.3,123.0,126.3,134.9,140.3,143.2,145.1,150.9"><![CDATA[information]]></word>
			<word xMin="159.3" xMax="184.9" yMin="89.0" yMax="98.5" base="96.3" space="1" fontName="MFPHGN+HelveticaNeueLTStd-Lt" fontSize="10.3" charEdges="159.3,164.7,170.6,176.3,181.9"><![CDATA[about]]></word>
			<word xMin="187.8" xMax="204.2" yMin="89.0" yMax="98.5" base="96.3" space="1" fontName="MFPHGN+HelveticaNeueLTStd-Lt" fontSize="10.3" charEdges="187.8,191.0,198.5"><![CDATA[two]]></word>
			<word xMin="207.1" xMax="240.9" yMin="89.0" yMax="98.5" base="96.3" space="1" fontName="MFPHGN+HelveticaNeueLTStd-Lt" fontSize="10.3" charEdges="207.1,212.0,217.6,221.2,225.9,231.2,236.0"><![CDATA[surveys]]></word>
			<word xMin="243.7" xMax="260.6" yMin="89.0" yMax="98.5" base="96.3" space="1" fontName="MFPHGN+HelveticaNeueLTStd-Lt" fontSize="10.3" charEdges="243.7,249.2,254.7"><![CDATA[and]]></word>
			<word xMin="263.4" xMax="297.0" yMin="89.0" yMax="98.5" base="96.3" space="1" fontName="MFPHGN+HelveticaNeueLTStd-Lt" fontSize="10.3" charEdges="263.4,269.3,271.2,276.2,281.5,287.1,292.1"><![CDATA[discuss]]></word>
			<word xMin="299.9" xMax="313.8" yMin="89.0" yMax="98.5" base="96.3" space="1" fontName="MFPHGN+HelveticaNeueLTStd-Lt" fontSize="10.3" charEdges="299.9,302.9,308.5"><![CDATA[the]]></word>
			<word xMin="316.7" xMax="362.4" yMin="89.0" yMax="98.5" base="96.3" space="0" fontName="MFPHGN+HelveticaNeueLTStd-Lt" fontSize="10.3" charEdges="316.7,322.6,328.1,333.6,338.5,341.5,343.4,349.2,354.7,359.6"><![CDATA[questions.]]></word>
		</line>
	</block>
	<block rot="0" xMin="69.3" xMax="394.8" yMin="107.9" yMax="130.9" priMin="0.0" priMax="612.0">
		<line>
			<word xMin="69.3" xMax="77.1" yMin="107.9" yMax="117.4" base="115.2" space="1" fontName="MFPHGN+HelveticaNeueLTStd-Lt" fontSize="10.3" charEdges="69.3,74.3"><![CDATA[1.]]></word>
			<word xMin="80.3" xMax="109.2" yMin="107.9" yMax="117.4" base="115.2" space="1" fontName="MFPHGN+HelveticaNeueLTStd-Lt" fontSize="10.3" charEdges="80.3,89.7,95.3,100.7,103.9"><![CDATA[Where]]></word>
			<word xMin="112.1" xMax="126.0" yMin="107.9" yMax="117.4" base="115.2" space="1" fontName="MFPHGN+HelveticaNeueLTStd-Lt" fontSize="10.3" charEdges="112.1,117.5,120.7"><![CDATA[are]]></word>
			<word xMin="128.9" xMax="142.7" yMin="107.9" yMax="117.4" base="115.2" space="1" fontName="MFPHGN+HelveticaNeueLTStd-Lt" fontSize="10.3" charEdges="128.9,131.9,137.4"><![CDATA[the]]></word>
			<word xMin="145.6" xMax="183.6" yMin="107.9" yMax="117.4" base="115.2" space="1" fontName="MFPHGN+HelveticaNeueLTStd-Lt" fontSize="10.3" charEdges="145.6,151.1,156.5,162.4,168.3,170.2,175.7,180.6"><![CDATA[happiest]]></word>
			<word xMin="186.5" xMax="215.4" yMin="107.9" yMax="117.4" base="115.2" space="1" fontName="MFPHGN+HelveticaNeueLTStd-Lt" fontSize="10.3" charEdges="186.5,192.4,194.3,199.6,205.0,210.5"><![CDATA[places]]></word>
			<word xMin="218.3" xMax="229.5" yMin="107.9" yMax="117.4" base="115.2" space="1" fontName="MFPHGN+HelveticaNeueLTStd-Lt" fontSize="10.3" charEdges="218.3,224.0"><![CDATA[on]]></word>
			<word xMin="232.3" xMax="258.7" yMin="107.9" yMax="117.4" base="115.2" space="1" fontName="MFPHGN+HelveticaNeueLTStd-Lt" fontSize="10.3" charEdges="232.3,238.5,243.9,247.5,250.5,255.8"><![CDATA[Earth,]]></word>
			<word xMin="261.5" xMax="305.6" yMin="107.9" yMax="117.4" base="115.2" space="1" fontName="MFPHGN+HelveticaNeueLTStd-Lt" fontSize="10.3" charEdges="261.5,266.9,272.3,277.6,283.4,286.6,292.5,294.4,299.9"><![CDATA[according]]></word>
			<word xMin="308.5" xMax="317.0" yMin="107.9" yMax="117.4" base="115.2" space="1" fontName="MFPHGN+HelveticaNeueLTStd-Lt" fontSize="10.3" charEdges="308.5,311.3"><![CDATA[to]]></word>
			<word xMin="319.8" xMax="333.7" yMin="107.9" yMax="117.4" base="115.2" space="1" fontName="MFPHGN+HelveticaNeueLTStd-Lt" fontSize="10.3" charEdges="319.8,322.9,328.4"><![CDATA[the]]></word>
			<word xMin="336.6" xMax="353.0" yMin="107.9" yMax="117.4" base="115.2" space="1" fontName="MFPHGN+HelveticaNeueLTStd-Lt" fontSize="10.3" charEdges="336.6,339.8,347.3"><![CDATA[two]]></word>
			<word xMin="355.9" xMax="394.8" yMin="107.9" yMax="117.4" base="115.2" space="0" fontName="MFPHGN+HelveticaNeueLTStd-Lt" fontSize="10.3" charEdges="355.9,360.8,366.3,369.9,374.6,379.9,384.7,389.3"><![CDATA[surveys?]]></word>
		</line>
		<line>
			<word xMin="80.3" xMax="100.8" yMin="121.4" yMax="130.9" base="128.7" space="1" fontName="MFPHGN+HelveticaNeueLTStd-Lt" fontSize="10.3" charEdges="80.3,87.6,93.2"><![CDATA[How]]></word>
			<word xMin="103.7" xMax="115.3" yMin="121.4" yMax="130.9" base="128.7" space="1" fontName="MFPHGN+HelveticaNeueLTStd-Lt" fontSize="10.3" charEdges="103.7,109.6"><![CDATA[do]]></word>
			<word xMin="118.2" xMax="132.0" yMin="121.4" yMax="130.9" base="128.7" space="1" fontName="MFPHGN+HelveticaNeueLTStd-Lt" fontSize="10.3" charEdges="118.2,121.2,126.7"><![CDATA[the]]></word>
			<word xMin="134.9" xMax="163.9" yMin="121.4" yMax="130.9" base="128.7" space="1" fontName="MFPHGN+HelveticaNeueLTStd-Lt" fontSize="10.3" charEdges="134.9,138.1,143.6,148.5,154.1,156.0,159.0"><![CDATA[results]]></word>
			<word xMin="166.8" xMax="211.4" yMin="121.4" yMax="130.9" base="128.7" space="0" fontName="MFPHGN+HelveticaNeueLTStd-Lt" fontSize="10.3" charEdges="166.8,172.2,177.9,186.5,192.4,197.7,200.9,205.9"><![CDATA[compare?]]></word>
		</line>
	</block>
	<block rot="0" xMin="69.3" xMax="336.7" yMin="140.3" yMax="149.8" priMin="0.0" priMax="612.0">
		<line>
			<word xMin="69.3" xMax="77.5" yMin="140.3" yMax="149.8" base="147.6" space="1" fontName="MFPHGN+HelveticaNeueLTStd-Lt" fontSize="10.3" charEdges="69.3,74.6"><![CDATA[2.]]></word>
			<word xMin="80.3" xMax="99.9" yMin="140.3" yMax="149.8" base="147.6" space="1" fontName="MFPHGN+HelveticaNeueLTStd-Lt" fontSize="10.3" charEdges="80.3,89.8,95.2"><![CDATA[Why]]></word>
			<word xMin="102.8" xMax="114.4" yMin="140.3" yMax="149.8" base="147.6" space="1" fontName="MFPHGN+HelveticaNeueLTStd-Lt" fontSize="10.3" charEdges="102.8,108.7"><![CDATA[do]]></word>
			<word xMin="117.2" xMax="133.1" yMin="140.3" yMax="149.8" base="147.6" space="1" fontName="MFPHGN+HelveticaNeueLTStd-Lt" fontSize="10.3" charEdges="117.2,121.9,127.6"><![CDATA[you]]></word>
			<word xMin="136.0" xMax="157.1" yMin="140.3" yMax="149.8" base="147.6" space="1" fontName="MFPHGN+HelveticaNeueLTStd-Lt" fontSize="10.3" charEdges="136.0,139.0,144.5,146.5,152.0"><![CDATA[think]]></word>
			<word xMin="160.0" xMax="190.2" yMin="140.3" yMax="149.8" base="147.6" space="1" fontName="MFPHGN+HelveticaNeueLTStd-Lt" fontSize="10.3" charEdges="160.0,165.9,171.4,177.1,183.0,184.9"><![CDATA[people]]></word>
			<word xMin="193.1" xMax="213.2" yMin="140.3" yMax="149.8" base="147.6" space="1" fontName="MFPHGN+HelveticaNeueLTStd-Lt" fontSize="10.3" charEdges="193.1,195.8,199.0,204.7"><![CDATA[from]]></word>
			<word xMin="216.1" xMax="240.4" yMin="140.3" yMax="149.8" base="147.6" space="1" fontName="MFPHGN+HelveticaNeueLTStd-Lt" fontSize="10.3" charEdges="216.1,219.1,224.7,230.1,235.1"><![CDATA[these]]></word>
			<word xMin="243.3" xMax="284.1" yMin="140.3" yMax="149.8" base="147.6" space="1" fontName="MFPHGN+HelveticaNeueLTStd-Lt" fontSize="10.3" charEdges="243.3,248.6,254.4,259.9,265.4,268.5,271.8,273.7,279.2"><![CDATA[countries]]></word>
			<word xMin="287.0" xMax="300.9" yMin="140.3" yMax="149.8" base="147.6" space="1" fontName="MFPHGN+HelveticaNeueLTStd-Lt" fontSize="10.3" charEdges="287.0,292.4,295.5"><![CDATA[are]]></word>
			<word xMin="303.7" xMax="336.7" yMin="140.3" yMax="149.8" base="147.6" space="0" fontName="MFPHGN+HelveticaNeueLTStd-Lt" fontSize="10.3" charEdges="303.7,309.2,314.6,320.5,326.3,331.2"><![CDATA[happy?]]></word>
		</line>
	</block>
	<block rot="0" xMin="69.3" xMax="369.9" yMin="159.2" yMax="182.2" priMin="0.0" priMax="612.0">
		<line>
			<word xMin="69.3" xMax="77.8" yMin="159.2" yMax="168.7" base="166.5" space="1" fontName="MFPHGN+HelveticaNeueLTStd-Lt" fontSize="10.3" charEdges="69.3,74.9"><![CDATA[3.]]></word>
			<word xMin="80.6" xMax="115.2" yMin="159.2" yMax="168.7" base="166.5" space="1" fontName="MFPHGN+HelveticaNeueLTStd-Lt" fontSize="10.3" charEdges="80.6,82.9,91.4,96.8,102.5,104.4,109.9"><![CDATA[Imagine]]></word>
			<word xMin="118.1" xMax="134.0" yMin="159.2" yMax="168.7" base="166.5" space="1" fontName="MFPHGN+HelveticaNeueLTStd-Lt" fontSize="10.3" charEdges="118.1,122.7,128.5"><![CDATA[you]]></word>
			<word xMin="136.8" xMax="158.3" yMin="159.2" yMax="168.7" base="166.5" space="1" fontName="MFPHGN+HelveticaNeueLTStd-Lt" fontSize="10.3" charEdges="136.8,144.4,149.8,155.3"><![CDATA[want]]></word>
			<word xMin="161.2" xMax="169.7" yMin="159.2" yMax="168.7" base="166.5" space="1" fontName="MFPHGN+HelveticaNeueLTStd-Lt" fontSize="10.3" charEdges="161.2,164.0"><![CDATA[to]]></word>
			<word xMin="172.5" xMax="188.5" yMin="159.2" yMax="168.7" base="166.5" space="1" fontName="MFPHGN+HelveticaNeueLTStd-Lt" fontSize="10.3" charEdges="172.5,177.1,182.6"><![CDATA[find]]></word>
			<word xMin="191.4" xMax="205.2" yMin="159.2" yMax="168.7" base="166.5" space="1" fontName="MFPHGN+HelveticaNeueLTStd-Lt" fontSize="10.3" charEdges="191.4,194.4,199.9"><![CDATA[the]]></word>
			<word xMin="208.1" xMax="246.1" yMin="159.2" yMax="168.7" base="166.5" space="1" fontName="MFPHGN+HelveticaNeueLTStd-Lt" fontSize="10.3" charEdges="208.1,213.6,219.0,224.9,230.8,232.7,238.2,243.1"><![CDATA[happiest]]></word>
			<word xMin="249.0" xMax="272.9" yMin="159.2" yMax="168.7" base="166.5" space="1" fontName="MFPHGN+HelveticaNeueLTStd-Lt" fontSize="10.3" charEdges="249.0,254.9,256.8,262.1,267.5"><![CDATA[place]]></word>
			<word xMin="275.7" xMax="283.1" yMin="159.2" yMax="168.7" base="166.5" space="1" fontName="MFPHGN+HelveticaNeueLTStd-Lt" fontSize="10.3" charEdges="275.7,277.6"><![CDATA[in]]></word>
			<word xMin="286.0" xMax="305.1" yMin="159.2" yMax="168.7" base="166.5" space="1" fontName="MFPHGN+HelveticaNeueLTStd-Lt" fontSize="10.3" charEdges="286.0,290.6,296.4,301.9"><![CDATA[your]]></word>
			<word xMin="308.0" xMax="343.7" yMin="159.2" yMax="168.7" base="166.5" space="1" fontName="MFPHGN+HelveticaNeueLTStd-Lt" fontSize="10.3" charEdges="308.0,313.4,319.1,324.6,330.1,333.2,336.8,340.9"><![CDATA[country.]]></word>
			<word xMin="346.6" xMax="369.9" yMin="159.2" yMax="168.7" base="166.5" space="0" fontName="MFPHGN+HelveticaNeueLTStd-Lt" fontSize="10.3" charEdges="346.6,356.0,361.6,366.9"><![CDATA[What]]></word>
		</line>
		<line>
			<word xMin="80.3" xMax="129.4" yMin="172.7" yMax="182.2" base="180.0" space="1" fontName="MFPHGN+HelveticaNeueLTStd-Lt" fontSize="10.3" charEdges="80.3,82.2,87.8,90.3,96.1,99.4,108.0,113.3,116.3,118.2,123.9"><![CDATA[information]]></word>
			<word xMin="132.3" xMax="158.8" yMin="172.7" yMax="182.2" base="180.0" space="1" fontName="MFPHGN+HelveticaNeueLTStd-Lt" fontSize="10.3" charEdges="132.3,139.8,145.5,151.0,152.9"><![CDATA[would]]></word>
			<word xMin="161.7" xMax="177.6" yMin="172.7" yMax="182.2" base="180.0" space="1" fontName="MFPHGN+HelveticaNeueLTStd-Lt" fontSize="10.3" charEdges="161.7,166.3,172.1"><![CDATA[you]]></word>
			<word xMin="180.5" xMax="199.0" yMin="172.7" yMax="182.2" base="180.0" space="1" fontName="MFPHGN+HelveticaNeueLTStd-Lt" fontSize="10.3" charEdges="180.5,182.4,188.1,193.9"><![CDATA[look]]></word>
			<word xMin="201.9" xMax="215.7" yMin="172.7" yMax="182.2" base="180.0" space="1" fontName="MFPHGN+HelveticaNeueLTStd-Lt" fontSize="10.3" charEdges="201.9,207.2,210.2"><![CDATA[at?]]></word>
			<word xMin="218.6" xMax="242.0" yMin="172.7" yMax="182.2" base="180.0" space="1" fontName="MFPHGN+HelveticaNeueLTStd-Lt" fontSize="10.3" charEdges="218.6,228.0,233.6,238.9"><![CDATA[What]]></word>
			<word xMin="244.8" xMax="287.8" yMin="172.7" yMax="182.2" base="180.0" space="1" fontName="MFPHGN+HelveticaNeueLTStd-Lt" fontSize="10.3" charEdges="244.8,250.7,256.3,261.7,266.7,269.7,271.6,277.3,282.8"><![CDATA[questions]]></word>
			<word xMin="290.6" xMax="317.2" yMin="172.7" yMax="182.2" base="180.0" space="1" fontName="MFPHGN+HelveticaNeueLTStd-Lt" fontSize="10.3" charEdges="290.6,298.2,303.9,309.4,311.3"><![CDATA[would]]></word>
			<word xMin="320.1" xMax="336.0" yMin="172.7" yMax="182.2" base="180.0" space="1" fontName="MFPHGN+HelveticaNeueLTStd-Lt" fontSize="10.3" charEdges="320.1,324.7,330.5"><![CDATA[you]]></word>
			<word xMin="338.8" xMax="359.9" yMin="172.7" yMax="182.2" base="180.0" space="0" fontName="MFPHGN+HelveticaNeueLTStd-Lt" fontSize="10.3" charEdges="338.8,344.2,349.2,354.4"><![CDATA[ask?]]></word>
		</line>
	</block>
</flow>
<flow xMin="54.0" xMax="235.4" yMin="214.3" yMax="226.0" priMin="0.0" priMax="612.0">
	<block rot="0" xMin="54.0" xMax="235.4" yMin="214.3" yMax="226.0" priMin="0.0" priMax="612.0">
		<line>
			<word xMin="54.0" xMax="92.7" yMin="214.3" yMax="226.0" base="223.6" space="1" fontName="MFPHKO+HelveticaNeueLTStd-Blk" fontSize="13.0" charEdges="54.0,66.2,74.4,80.2,84.3"><![CDATA[World]]></word>
			<word xMin="97.1" xMax="167.7" yMin="214.3" yMax="226.0" base="223.6" space="1" fontName="MFPHKO+HelveticaNeueLTStd-Blk" fontSize="13.0" charEdges="97.1,107.1,115.1,123.5,132.0,136.1,144.5,152.7,160.2"><![CDATA[Happiness]]></word>
			<word xMin="172.0" xMax="218.0" yMin="214.3" yMax="226.0" base="223.6" space="1" fontName="MFPHKO+HelveticaNeueLTStd-Blk" fontSize="13.0" charEdges="172.0,180.9,189.3,195.6,202.7,210.7"><![CDATA[Survey]]></word>
			<word xMin="226.7" xMax="235.4" yMin="214.3" yMax="226.0" base="223.6" space="0" fontName="MFPHKO+HelveticaNeueLTStd-Blk" fontSize="13.0" charEdges="226.7"><![CDATA[1]]></word>
		</line>
	</block>
</flow>
<flow xMin="54.0" xMax="393.0" yMin="232.6" yMax="342.0" priMin="0.0" priMax="612.0">
	<block rot="0" xMin="54.0" xMax="244.3" yMin="232.6" yMax="252.3" priMin="0.0" priMax="612.0">
		<line>
			<word xMin="54.0" xMax="124.9" yMin="232.6" yMax="252.3" base="248.4" space="1" fontName="MFPHKO+HelveticaNeueLTStd-Blk" fontSize="22.0" charEdges="54.0,70.9,84.4,98.6,112.7"><![CDATA[Happy]]></word>
			<word xMin="132.3" xMax="171.9" yMin="232.6" yMax="252.3" base="248.4" space="1" fontName="MFPHKO+HelveticaNeueLTStd-Blk" fontSize="22.0" charEdges="132.3,149.1,162.9"><![CDATA[Hot]]></word>
			<word xMin="179.2" xMax="244.3" yMin="232.6" yMax="252.3" base="248.4" space="0" fontName="MFPHKO+HelveticaNeueLTStd-Blk" fontSize="22.0" charEdges="179.2,194.3,208.5,222.4,231.7"><![CDATA[Spots]]></word>
		</line>
	</block>
	<block rot="0" xMin="54.0" xMax="393.0" yMin="267.5" yMax="342.0" priMin="0.0" priMax="612.0">
		<line>
			<word xMin="54.0" xMax="70.7" yMin="267.5" yMax="277.0" base="274.9" space="1" fontName="MFPHGN+HelveticaNeueLTStd-Lt" fontSize="10.3" charEdges="54.0,59.8,65.4"><![CDATA[The]]></word>
			<word xMin="73.6" xMax="102.6" yMin="267.5" yMax="277.0" base="274.9" space="1" fontName="MFPHLO+HelveticaNeueLTStd-Bd" fontSize="10.3" charEdges="73.6,83.0,89.4,93.6,96.3"><![CDATA[World]]></word>
			<word xMin="105.5" xMax="153.0" yMin="267.5" yMax="277.0" base="274.9" space="1" fontName="MFPHLO+HelveticaNeueLTStd-Bd" fontSize="10.3" charEdges="105.5,113.2,119.2,123.0,129.1,135.5,141.5,147.1"><![CDATA[Database]]></word>
			<word xMin="155.8" xMax="165.6" yMin="267.5" yMax="277.0" base="274.9" space="1" fontName="MFPHLO+HelveticaNeueLTStd-Bd" fontSize="10.3" charEdges="155.8,162.2"><![CDATA[of]]></word>
			<word xMin="168.4" xMax="221.2" yMin="267.5" yMax="277.0" base="274.9" space="1" fontName="MFPHLO+HelveticaNeueLTStd-Bd" fontSize="10.3" charEdges="168.4,176.2,182.2,188.6,195.0,197.8,204.0,210.0,215.7"><![CDATA[Happiness]]></word>
			<word xMin="224.1" xMax="251.4" yMin="267.5" yMax="277.0" base="274.9" space="1" fontName="MFPHGN+HelveticaNeueLTStd-Lt" fontSize="10.3" charEdges="224.1,230.0,233.3,235.2,240.7,246.5"><![CDATA[brings]]></word>
			<word xMin="254.3" xMax="291.0" yMin="267.5" yMax="277.0" base="274.9" space="1" fontName="MFPHGN+HelveticaNeueLTStd-Lt" fontSize="10.3" charEdges="254.3,257.1,262.8,268.6,273.9,276.9,282.4,287.8"><![CDATA[together]]></word>
			<word xMin="293.9" xMax="331.9" yMin="267.5" yMax="277.0" base="274.9" space="1" fontName="MFPHGN+HelveticaNeueLTStd-Lt" fontSize="10.3" charEdges="293.9,298.9,304.2,306.2,311.6,317.1,320.0,322.0,326.6"><![CDATA[scientific]]></word>
			<word xMin="334.8" xMax="366.5" yMin="267.5" yMax="277.0" base="274.9" space="1" fontName="MFPHGN+HelveticaNeueLTStd-Lt" fontSize="10.3" charEdges="334.8,338.0,343.4,349.3,355.0,358.6,361.6"><![CDATA[reports]]></word>
			<word xMin="369.4" xMax="380.6" yMin="267.5" yMax="277.0" base="274.9" space="0" fontName="MFPHGN+HelveticaNeueLTStd-Lt" fontSize="10.3" charEdges="369.4,375.1"><![CDATA[on]]></word>
		</line>
		<line>
			<word xMin="54.0" xMax="99.6" yMin="280.5" yMax="290.0" base="287.9" space="1" fontName="MFPHGN+HelveticaNeueLTStd-Lt" fontSize="10.3" charEdges="54.0,59.5,64.9,70.8,76.7,78.6,84.2,89.6,94.6"><![CDATA[happiness]]></word>
			<word xMin="102.4" xMax="122.6" yMin="280.5" yMax="290.0" base="287.9" space="1" fontName="MFPHGN+HelveticaNeueLTStd-Lt" fontSize="10.3" charEdges="102.4,105.2,108.4,114.1"><![CDATA[from]]></word>
			<word xMin="125.5" xMax="141.7" yMin="280.5" yMax="290.0" base="287.9" space="1" fontName="MFPHGN+HelveticaNeueLTStd-Lt" fontSize="10.3" charEdges="125.5,130.4,136.0"><![CDATA[149]]></word>
			<word xMin="144.6" xMax="185.4" yMin="280.5" yMax="290.0" base="287.9" space="1" fontName="MFPHGN+HelveticaNeueLTStd-Lt" fontSize="10.3" charEdges="144.6,150.0,155.7,161.2,166.7,169.8,173.1,175.0,180.5"><![CDATA[countries]]></word>
			<word xMin="188.3" xMax="219.5" yMin="280.5" yMax="290.0" base="287.9" space="1" fontName="MFPHGN+HelveticaNeueLTStd-Lt" fontSize="10.3" charEdges="188.3,193.7,196.8,202.6,208.1,213.6"><![CDATA[around]]></word>
			<word xMin="222.4" xMax="236.3" yMin="280.5" yMax="290.0" base="287.9" space="1" fontName="MFPHGN+HelveticaNeueLTStd-Lt" fontSize="10.3" charEdges="222.4,225.4,230.9"><![CDATA[the]]></word>
			<word xMin="239.1" xMax="266.2" yMin="280.5" yMax="290.0" base="287.9" space="1" fontName="MFPHGN+HelveticaNeueLTStd-Lt" fontSize="10.3" charEdges="239.1,246.6,252.4,255.7,257.6,263.4"><![CDATA[world.]]></word>
			<word xMin="269.1" xMax="285.8" yMin="280.5" yMax="290.0" base="287.9" space="1" fontName="MFPHGN+HelveticaNeueLTStd-Lt" fontSize="10.3" charEdges="269.1,274.9,280.5"><![CDATA[The]]></word>
			<word xMin="288.7" xMax="340.9" yMin="280.5" yMax="290.0" base="287.9" space="1" fontName="MFPHGN+HelveticaNeueLTStd-Lt" fontSize="10.3" charEdges="288.7,291.9,297.4,302.3,307.7,313.1,316.3,321.7,327.3,332.7,336.0"><![CDATA[researchers]]></word>
			<word xMin="343.8" xMax="359.3" yMin="280.5" yMax="290.0" base="287.9" space="1" fontName="MFPHGN+HelveticaNeueLTStd-Lt" fontSize="10.3" charEdges="343.8,349.1,354.1"><![CDATA[ask]]></word>
			<word xMin="362.1" xMax="392.4" yMin="280.5" yMax="290.0" base="287.9" space="0" fontName="MFPHGN+HelveticaNeueLTStd-Lt" fontSize="10.3" charEdges="362.1,368.1,373.5,379.2,385.1,387.0"><![CDATA[people]]></word>
		</line>
		<line>
			<word xMin="54.0" xMax="62.5" yMin="293.5" yMax="303.0" base="300.9" space="1" fontName="MFPHGN+HelveticaNeueLTStd-Lt" fontSize="10.3" charEdges="54.0,56.8"><![CDATA[to]]></word>
			<word xMin="65.4" xMax="82.1" yMin="293.5" yMax="303.0" base="300.9" space="1" fontName="MFPHGN+HelveticaNeueLTStd-Lt" fontSize="10.3" charEdges="65.4,68.6,73.9,76.8"><![CDATA[rate]]></word>
			<word xMin="85.0" xMax="104.1" yMin="293.5" yMax="303.0" base="300.9" space="1" fontName="MFPHGN+HelveticaNeueLTStd-Lt" fontSize="10.3" charEdges="85.0,88.0,93.5,98.9,100.9"><![CDATA[their]]></word>
			<word xMin="106.9" xMax="152.8" yMin="293.5" yMax="303.0" base="300.9" space="1" fontName="MFPHGN+HelveticaNeueLTStd-Lt" fontSize="10.3" charEdges="106.9,112.4,117.9,119.8,125.4,130.2,138.8,144.3,149.7"><![CDATA[enjoyment]]></word>
			<word xMin="155.6" xMax="163.9" yMin="293.5" yMax="303.0" base="300.9" space="1" fontName="MFPHGN+HelveticaNeueLTStd-Lt" fontSize="10.3" charEdges="155.6,161.2"><![CDATA[of]]></word>
			<word xMin="166.7" xMax="178.5" yMin="293.5" yMax="303.0" base="300.9" space="1" fontName="MFPHGN+HelveticaNeueLTStd-Lt" fontSize="10.3" charEdges="166.7,168.6,170.6,173.2"><![CDATA[life]]></word>
			<word xMin="181.4" xMax="192.6" yMin="293.5" yMax="303.0" base="300.9" space="1" fontName="MFPHGN+HelveticaNeueLTStd-Lt" fontSize="10.3" charEdges="181.4,187.1"><![CDATA[on]]></word>
			<word xMin="195.5" xMax="200.8" yMin="293.5" yMax="303.0" base="300.9" space="1" fontName="MFPHGN+HelveticaNeueLTStd-Lt" fontSize="10.3" charEdges="195.5"><![CDATA[a]]></word>
			<word xMin="203.7" xMax="226.7" yMin="293.5" yMax="303.0" base="300.9" space="1" fontName="MFPHGN+HelveticaNeueLTStd-Lt" fontSize="10.3" charEdges="203.7,208.6,214.0,219.4,221.4"><![CDATA[scale]]></word>
			<word xMin="229.5" xMax="249.7" yMin="293.5" yMax="303.0" base="300.9" space="1" fontName="MFPHGN+HelveticaNeueLTStd-Lt" fontSize="10.3" charEdges="229.5,232.3,235.5,241.2"><![CDATA[from]]></word>
			<word xMin="252.6" xMax="258.3" yMin="293.5" yMax="303.0" base="300.9" space="1" fontName="MFPHGN+HelveticaNeueLTStd-Lt" fontSize="10.3" charEdges="252.6"><![CDATA[0]]></word>
			<word xMin="261.1" xMax="269.6" yMin="293.5" yMax="303.0" base="300.9" space="1" fontName="MFPHGN+HelveticaNeueLTStd-Lt" fontSize="10.3" charEdges="261.1,263.9"><![CDATA[to]]></word>
			<word xMin="272.5" xMax="286.0" yMin="293.5" yMax="303.0" base="300.9" space="1" fontName="MFPHGN+HelveticaNeueLTStd-Lt" fontSize="10.3" charEdges="272.5,277.6,283.1"><![CDATA[10.]]></word>
			<word xMin="288.8" xMax="305.5" yMin="293.5" yMax="303.0" base="300.9" space="1" fontName="MFPHGN+HelveticaNeueLTStd-Lt" fontSize="10.3" charEdges="288.8,294.7,300.2"><![CDATA[The]]></word>
			<word xMin="308.4" xMax="322.8" yMin="293.5" yMax="303.0" base="300.9" space="1" fontName="MFPHGN+HelveticaNeueLTStd-Lt" fontSize="10.3" charEdges="308.4,311.2,317.0"><![CDATA[top]]></word>
			<word xMin="325.7" xMax="337.6" yMin="293.5" yMax="303.0" base="300.9" space="1" fontName="MFPHGN+HelveticaNeueLTStd-Lt" fontSize="10.3" charEdges="325.7,330.6,332.6"><![CDATA[six]]></word>
			<word xMin="340.4" xMax="378.5" yMin="293.5" yMax="303.0" base="300.9" space="0" fontName="MFPHGN+HelveticaNeueLTStd-Lt" fontSize="10.3" charEdges="340.4,345.9,351.3,357.2,363.1,365.0,370.5,375.4"><![CDATA[happiest]]></word>
		</line>
		<line>
			<word xMin="54.0" xMax="85.9" yMin="306.5" yMax="316.0" base="313.9" space="1" fontName="MFPHGN+HelveticaNeueLTStd-Lt" fontSize="10.3" charEdges="54.0,59.5,64.9,67.8,69.7,75.5,81.0"><![CDATA[nations]]></word>
			<word xMin="88.8" xMax="132.9" yMin="306.5" yMax="316.0" base="313.9" space="1" fontName="MFPHGN+HelveticaNeueLTStd-Lt" fontSize="10.3" charEdges="88.8,94.1,99.5,104.9,110.6,113.8,119.7,121.6,127.2"><![CDATA[according]]></word>
			<word xMin="135.7" xMax="144.2" yMin="306.5" yMax="316.0" base="313.9" space="1" fontName="MFPHGN+HelveticaNeueLTStd-Lt" fontSize="10.3" charEdges="135.7,138.5"><![CDATA[to]]></word>
			<word xMin="147.1" xMax="161.0" yMin="306.5" yMax="316.0" base="313.9" space="1" fontName="MFPHGN+HelveticaNeueLTStd-Lt" fontSize="10.3" charEdges="147.1,150.1,155.7"><![CDATA[the]]></word>
			<word xMin="163.8" xMax="192.7" yMin="306.5" yMax="316.0" base="313.9" space="1" fontName="MFPHGN+HelveticaNeueLTStd-Lt" fontSize="10.3" charEdges="163.8,168.8,174.3,177.9,182.6,187.9"><![CDATA[survey]]></word>
			<word xMin="195.5" xMax="251.9" yMin="306.5" yMax="316.0" base="313.9" space="1" fontName="MFPHGN+HelveticaNeueLTStd-Lt" fontSize="10.3" charEdges="195.5,197.8,203.4,209.3,215.2,221.4,226.5,232.1,238.0,243.8,249.5"><![CDATA[(2000–2009)]]></word>
			<word xMin="254.8" xMax="268.7" yMin="306.5" yMax="316.0" base="313.9" space="1" fontName="MFPHGN+HelveticaNeueLTStd-Lt" fontSize="10.3" charEdges="254.8,260.2,263.4"><![CDATA[are]]></word>
			<word xMin="271.6" xMax="294.5" yMin="306.5" yMax="316.0" base="313.9" space="1" fontName="MFPHGN+HelveticaNeueLTStd-Lt" fontSize="10.3" charEdges="271.6,273.5,275.4,280.3,283.2,288.6"><![CDATA[listed]]></word>
			<word xMin="297.3" xMax="326.1" yMin="306.5" yMax="316.0" base="313.9" space="1" fontName="MFPHGN+HelveticaNeueLTStd-Lt" fontSize="10.3" charEdges="297.3,303.3,308.7,310.6,316.2,323.3"><![CDATA[below.]]></word>
			<word xMin="329.0" xMax="345.7" yMin="306.5" yMax="316.0" base="313.9" space="1" fontName="MFPHGN+HelveticaNeueLTStd-Lt" fontSize="10.3" charEdges="329.0,334.8,340.4"><![CDATA[The]]></word>
			<word xMin="348.6" xMax="386.6" yMin="306.5" yMax="316.0" base="313.9" space="0" fontName="MFPHGN+HelveticaNeueLTStd-Lt" fontSize="10.3" charEdges="348.6,354.1,359.5,365.4,371.3,373.2,378.6,383.6"><![CDATA[happiest]]></word>
		</line>
		<line>
			<word xMin="54.0" xMax="78.4" yMin="319.5" yMax="329.0" base="326.9" space="1" fontName="MFPHGN+HelveticaNeueLTStd-Lt" fontSize="10.3" charEdges="54.0,60.5,65.5,67.5,72.9"><![CDATA[Asian]]></word>
			<word xMin="81.2" xMax="116.9" yMin="319.5" yMax="329.0" base="326.9" space="1" fontName="MFPHGN+HelveticaNeueLTStd-Lt" fontSize="10.3" charEdges="81.2,86.6,92.3,97.9,103.4,106.4,110.0,114.1"><![CDATA[country,]]></word>
			<word xMin="119.7" xMax="167.8" yMin="319.5" yMax="329.0" base="326.9" space="1" fontName="MFPHGN+HelveticaNeueLTStd-Lt" fontSize="10.3" charEdges="119.7,126.3,128.2,133.7,139.5,144.9,150.9,156.6,159.8,164.9"><![CDATA[Singapore,]]></word>
			<word xMin="170.6" xMax="177.4" yMin="319.5" yMax="329.0" base="326.9" space="1" fontName="MFPHGN+HelveticaNeueLTStd-Lt" fontSize="10.3" charEdges="170.6,172.5"><![CDATA[is]]></word>
			<word xMin="180.2" xMax="199.5" yMin="319.5" yMax="329.0" base="326.9" space="1" fontName="MFPHGN+HelveticaNeueLTStd-Lt" fontSize="10.3" charEdges="180.2,185.6,191.0,194.0"><![CDATA[37th]]></word>
			<word xMin="202.3" xMax="209.7" yMin="319.5" yMax="329.0" base="326.9" space="1" fontName="MFPHGN+HelveticaNeueLTStd-Lt" fontSize="10.3" charEdges="202.3,204.2"><![CDATA[in]]></word>
			<word xMin="212.5" xMax="226.4" yMin="319.5" yMax="329.0" base="326.9" space="1" fontName="MFPHGN+HelveticaNeueLTStd-Lt" fontSize="10.3" charEdges="212.5,215.5,221.1"><![CDATA[the]]></word>
			<word xMin="229.2" xMax="243.5" yMin="319.5" yMax="329.0" base="326.9" space="1" fontName="MFPHGN+HelveticaNeueLTStd-Lt" fontSize="10.3" charEdges="229.2,231.1,233.0,237.9,240.7"><![CDATA[list;]]></word>
			<word xMin="246.3" xMax="277.1" yMin="319.5" yMax="329.0" base="326.9" space="1" fontName="MFPHGN+HelveticaNeueLTStd-Lt" fontSize="10.3" charEdges="246.3,254.9,260.3,262.3,267.5,275.2"><![CDATA[Malawi]]></word>
			<word xMin="279.9" xMax="307.4" yMin="319.5" yMax="329.0" base="326.9" space="1" fontName="MFPHGN+HelveticaNeueLTStd-Lt" fontSize="10.3" charEdges="279.9,282.3,287.9,293.4,299.0,304.9"><![CDATA[(62nd)]]></word>
			<word xMin="310.2" xMax="317.0" yMin="319.5" yMax="329.0" base="326.9" space="1" fontName="MFPHGN+HelveticaNeueLTStd-Lt" fontSize="10.3" charEdges="310.2,312.1"><![CDATA[is]]></word>
			<word xMin="319.9" xMax="351.9" yMin="319.5" yMax="329.0" base="326.9" space="1" fontName="MFPHGN+HelveticaNeueLTStd-Lt" fontSize="10.3" charEdges="319.9,326.3,329.1,332.4,334.3,339.8,344.7,347.0"><![CDATA[Africa’s]]></word>
			<word xMin="354.8" xMax="393.0" yMin="319.5" yMax="329.0" base="326.9" space="0" fontName="MFPHGN+HelveticaNeueLTStd-Lt" fontSize="10.3" charEdges="354.8,360.3,365.7,371.7,377.6,379.6,385.0,389.9"><![CDATA[happiest]]></word>
		</line>
		<line>
			<word xMin="54.0" xMax="83.7" yMin="332.5" yMax="342.0" base="339.9" space="1" fontName="MFPHGN+HelveticaNeueLTStd-Lt" fontSize="10.3" charEdges="54.0,59.5,64.8,67.8,69.7,75.5,80.9"><![CDATA[nation.]]></word>
			<word xMin="86.6" xMax="103.3" yMin="332.5" yMax="342.0" base="339.9" space="1" fontName="MFPHGN+HelveticaNeueLTStd-Lt" fontSize="10.3" charEdges="86.6,92.4,98.0"><![CDATA[The]]></word>
			<word xMin="106.1" xMax="137.7" yMin="332.5" yMax="342.0" base="339.9" space="1" fontName="MFPHGN+HelveticaNeueLTStd-Lt" fontSize="10.3" charEdges="106.1,113.7,119.4,122.7,124.7,130.5,132.7"><![CDATA[world’s]]></word>
			<word xMin="140.5" xMax="170.2" yMin="332.5" yMax="342.0" base="339.9" space="1" fontName="MFPHGN+HelveticaNeueLTStd-Lt" fontSize="10.3" charEdges="140.5,143.9,145.8,151.2,156.8,162.2,167.2"><![CDATA[richest]]></word>
			<word xMin="173.1" xMax="202.8" yMin="332.5" yMax="342.0" base="339.9" space="1" fontName="MFPHGN+HelveticaNeueLTStd-Lt" fontSize="10.3" charEdges="173.1,178.6,183.9,186.9,188.8,194.5,199.9"><![CDATA[nation,]]></word>
			<word xMin="205.6" xMax="219.5" yMin="332.5" yMax="342.0" base="339.9" space="1" fontName="MFPHGN+HelveticaNeueLTStd-Lt" fontSize="10.3" charEdges="205.6,208.6,214.2"><![CDATA[the]]></word>
			<word xMin="222.4" xMax="251.1" yMin="332.5" yMax="342.0" base="339.9" space="1" fontName="MFPHGN+HelveticaNeueLTStd-Lt" fontSize="10.3" charEdges="222.4,229.5,235.0,236.9,239.8,245.2"><![CDATA[United]]></word>
			<word xMin="253.9" xMax="284.8" yMin="332.5" yMax="342.0" base="339.9" space="1" fontName="MFPHGN+HelveticaNeueLTStd-Lt" fontSize="10.3" charEdges="253.9,260.5,263.5,268.9,271.7,277.2,282.0"><![CDATA[States,]]></word>
			<word xMin="287.7" xMax="317.5" yMin="332.5" yMax="342.0" base="339.9" space="1" fontName="MFPHGN+HelveticaNeueLTStd-Lt" fontSize="10.3" charEdges="287.7,293.6,295.5,300.8,306.2,311.7"><![CDATA[placed]]></word>
			<word xMin="320.4" xMax="341.4" yMin="332.5" yMax="342.0" base="339.9" space="0" fontName="MFPHGN+HelveticaNeueLTStd-Lt" fontSize="10.3" charEdges="320.4,325.7,330.8,335.7,338.5"><![CDATA[21st.]]></word>
		</line>
	</block>
</flow>
<flow xMin="143.6" xMax="221.2" yMin="362.1" yMax="419.7" priMin="0.0" priMax="612.0">
	<block rot="0" xMin="174.5" xMax="186.5" yMin="362.1" yMax="378.2" priMin="0.0" priMax="612.0">
		<line>
			<word xMin="174.5" xMax="186.5" yMin="362.1" yMax="378.2" base="375.0" space="0" fontName="MFPHKO+HelveticaNeueLTStd-Blk" fontSize="18.0" charEdges="174.5"><![CDATA[3]]></word>
		</line>
	</block>
	<block rot="0" xMin="170.2" xMax="221.2" yMin="385.6" yMax="397.6" priMin="0.0" priMax="303.3">
		<line>
			<word xMin="170.2" xMax="221.2" yMin="385.6" yMax="397.6" base="395.2" space="0" fontName="MFPHKO+HelveticaNeueLTStd-Blk" fontSize="13.4" charEdges="170.2,174.7,182.9,191.4,195.6,203.8,212.5"><![CDATA[Iceland]]></word>
		</line>
	</block>
	<block rot="0" xMin="143.6" xMax="177.3" yMin="411.0" yMax="419.7" priMin="0.0" priMax="185.7">
		<line>
			<word xMin="143.6" xMax="177.3" yMin="411.0" yMax="419.7" base="418.0" space="0" fontName="MFPHKO+HelveticaNeueLTStd-Blk" fontSize="9.8" charEdges="143.6,151.1,157.2,161.4,164.6,171.1"><![CDATA[Rating]]></word>
		</line>
	</block>
</flow>
<flow xMin="282.7" xMax="336.4" yMin="384.4" yMax="427.9" priMin="221.2" priMax="612.0">
	<block rot="0" xMin="303.3" xMax="312.5" yMin="384.4" yMax="396.8" priMin="221.2" priMax="612.0">
		<line>
			<word xMin="303.3" xMax="312.5" yMin="384.4" yMax="396.8" base="394.3" space="0" fontName="MFPHKO+HelveticaNeueLTStd-Blk" fontSize="13.8" charEdges="303.3"><![CDATA[5]]></word>
		</line>
	</block>
	<block rot="0" xMin="296.8" xMax="336.4" yMin="403.3" yMax="412.5" priMin="216.7" priMax="612.0">
		<line>
			<word xMin="296.8" xMax="336.4" yMin="403.3" yMax="412.5" base="410.7" space="0" fontName="MFPHKO+HelveticaNeueLTStd-Blk" fontSize="10.3" charEdges="296.8,303.2,306.5,313.3,316.6,323.0,329.7"><![CDATA[Finland]]></word>
		</line>
	</block>
	<block rot="0" xMin="282.7" xMax="308.9" yMin="421.2" yMax="427.9" priMin="220.3" priMax="311.3">
		<line>
			<word xMin="282.7" xMax="308.9" yMin="421.2" yMax="427.9" base="426.6" space="0" fontName="MFPHKO+HelveticaNeueLTStd-Blk" fontSize="7.5" charEdges="282.7,288.6,293.3,296.6,299.1,304.1"><![CDATA[Rating]]></word>
		</line>
	</block>
</flow>
<flow xMin="185.7" xMax="216.7" yMin="406.5" yMax="422.9" priMin="177.3" priMax="282.7">
	<block rot="0" xMin="185.7" xMax="216.7" yMin="406.5" yMax="422.9" priMin="177.3" priMax="282.7">
		<line>
			<word xMin="185.7" xMax="216.7" yMin="406.5" yMax="422.9" base="419.7" space="0" fontName="MFPHKO+HelveticaNeueLTStd-Blk" fontSize="18.3" charEdges="185.7,198.1,204.4"><![CDATA[8.2]]></word>
		</line>
	</block>
</flow>
<flow xMin="139.9" xMax="220.3" yMin="427.2" yMax="459.2" priMin="0.0" priMax="275.0">
	<block rot="0" xMin="139.9" xMax="220.3" yMin="427.2" yMax="459.2" priMin="0.0" priMax="275.0">
		<line>
			<word xMin="152.8" xMax="173.4" yMin="427.2" yMax="435.7" base="433.8" space="1" fontName="MFPHGN+HelveticaNeueLTStd-Lt" fontSize="9.1" charEdges="152.8,158.5,163.7,168.7,170.9"><![CDATA[Pop.:]]></word>
			<word xMin="176.0" xMax="207.4" yMin="427.2" yMax="435.7" base="433.8" space="0" fontName="MFPHGN+HelveticaNeueLTStd-Lt" fontSize="9.1" charEdges="176.0,180.7,184.9,189.3,191.7,197.0,202.3"><![CDATA[311,000]]></word>
		</line>
		<line>
			<word xMin="145.1" xMax="164.1" yMin="438.9" yMax="447.4" base="445.5" space="1" fontName="MFPHGN+HelveticaNeueLTStd-Lt" fontSize="9.1" charEdges="145.1,152.0,158.3"><![CDATA[GDP]]></word>
			<word xMin="166.6" xMax="179.1" yMin="438.9" yMax="447.4" base="445.5" space="1" fontName="MFPHGN+HelveticaNeueLTStd-Lt" fontSize="9.1" charEdges="166.6,172.0,176.5"><![CDATA[pc:]]></word>
			<word xMin="181.6" xMax="215.1" yMin="438.9" yMax="447.4" base="445.5" space="0" fontName="MFPHGN+HelveticaNeueLTStd-Lt" fontSize="9.1" charEdges="181.6,186.8,192.0,197.0,199.6,204.8,210.1"><![CDATA[$38,300]]></word>
		</line>
		<line>
			<word xMin="139.9" xMax="157.3" yMin="450.7" yMax="459.2" base="457.3" space="1" fontName="MFPHGN+HelveticaNeueLTStd-Lt" fontSize="9.1" charEdges="139.9,145.5,149.7,154.8"><![CDATA[Avg.]]></word>
			<word xMin="159.8" xMax="176.1" yMin="450.7" yMax="459.2" base="457.3" space="1" fontName="MFPHGN+HelveticaNeueLTStd-Lt" fontSize="9.1" charEdges="159.8,164.9,166.7,169.0,173.6"><![CDATA[Life:]]></word>
			<word xMin="178.7" xMax="196.4" yMin="450.7" yMax="459.2" base="457.3" space="1" fontName="MFPHGN+HelveticaNeueLTStd-Lt" fontSize="9.1" charEdges="178.7,183.9,188.8,191.3"><![CDATA[80.9]]></word>
			<word xMin="198.9" xMax="220.3" yMin="450.7" yMax="459.2" base="457.3" space="0" fontName="MFPHGN+HelveticaNeueLTStd-Lt" fontSize="9.1" charEdges="198.9,203.2,208.1,212.9,215.9"><![CDATA[years]]></word>
		</line>
	</block>
</flow>
<flow xMin="311.3" xMax="333.3" yMin="417.5" yMax="430.1" priMin="308.9" priMax="612.0">
	<block rot="0" xMin="311.3" xMax="333.3" yMin="417.5" yMax="430.1" priMin="308.9" priMax="612.0">
		<line>
			<word xMin="311.3" xMax="333.3" yMin="417.5" yMax="430.1" base="427.6" space="0" fontName="MFPHKO+HelveticaNeueLTStd-Blk" fontSize="14.0" charEdges="311.3,319.3,323.9"><![CDATA[7.9]]></word>
		</line>
	</block>
</flow>
<flow xMin="275.0" xMax="341.1" yMin="433.6" yMax="458.1" priMin="220.3" priMax="406.5">
	<block rot="0" xMin="275.0" xMax="341.1" yMin="433.6" yMax="458.1" priMin="220.3" priMax="406.5">
		<line>
			<word xMin="283.5" xMax="299.5" yMin="433.6" yMax="440.1" base="438.6" space="1" fontName="MFPHGN+HelveticaNeueLTStd-Lt" fontSize="7.0" charEdges="283.5,287.9,291.9,295.8,297.6"><![CDATA[Pop.:]]></word>
			<word xMin="301.4" xMax="311.2" yMin="433.6" yMax="440.1" base="438.6" space="1" fontName="MFPHGN+HelveticaNeueLTStd-Lt" fontSize="7.0" charEdges="301.4,305.3,307.3"><![CDATA[5.3]]></word>
			<word xMin="313.2" xMax="332.6" yMin="433.6" yMax="440.1" base="438.6" space="0" fontName="MFPHGN+HelveticaNeueLTStd-Lt" fontSize="7.0" charEdges="313.2,319.1,320.5,321.9,323.4,324.8,328.8"><![CDATA[million]]></word>
		</line>
		<line>
			<word xMin="281.0" xMax="295.7" yMin="442.6" yMax="449.1" base="447.6" space="1" fontName="MFPHGN+HelveticaNeueLTStd-Lt" fontSize="7.0" charEdges="281.0,286.3,291.3"><![CDATA[GDP]]></word>
			<word xMin="297.6" xMax="307.3" yMin="442.6" yMax="449.1" base="447.6" space="1" fontName="MFPHGN+HelveticaNeueLTStd-Lt" fontSize="7.0" charEdges="297.6,301.8,305.3"><![CDATA[pc:]]></word>
			<word xMin="309.2" xMax="335.0" yMin="442.6" yMax="449.1" base="447.6" space="0" fontName="MFPHGN+HelveticaNeueLTStd-Lt" fontSize="7.0" charEdges="309.2,313.3,317.2,321.1,323.0,327.0,331.1"><![CDATA[$35,400]]></word>
		</line>
		<line>
			<word xMin="275.0" xMax="288.5" yMin="451.6" yMax="458.1" base="456.6" space="1" fontName="MFPHGN+HelveticaNeueLTStd-Lt" fontSize="7.0" charEdges="275.0,279.3,282.6,286.5"><![CDATA[Avg.]]></word>
			<word xMin="290.4" xMax="303.2" yMin="451.6" yMax="458.1" base="456.6" space="1" fontName="MFPHGN+HelveticaNeueLTStd-Lt" fontSize="7.0" charEdges="290.4,294.4,295.8,297.7,301.2"><![CDATA[Life:]]></word>
			<word xMin="305.1" xMax="322.5" yMin="451.6" yMax="458.1" base="456.6" space="1" fontName="MFPHGN+HelveticaNeueLTStd-Lt" fontSize="7.0" charEdges="305.1,308.9,312.8,314.8,318.6"><![CDATA[79.27]]></word>
			<word xMin="324.4" xMax="341.1" yMin="451.6" yMax="458.1" base="456.6" space="0" fontName="MFPHGN+HelveticaNeueLTStd-Lt" fontSize="7.0" charEdges="324.4,327.7,331.5,335.3,337.7"><![CDATA[years]]></word>
		</line>
	</block>
</flow>
<flow xMin="375.7" xMax="459.1" yMin="443.6" yMax="500.1" priMin="341.1" priMax="612.0">
	<block rot="0" xMin="406.5" xMax="418.5" yMin="443.6" yMax="459.7" priMin="341.1" priMax="612.0">
		<line>
			<word xMin="406.5" xMax="418.5" yMin="443.6" yMax="459.7" base="456.5" space="0" fontName="MFPHKO+HelveticaNeueLTStd-Blk" fontSize="18.0" charEdges="406.5"><![CDATA[2]]></word>
		</line>
	</block>
	<block rot="0" xMin="396.3" xMax="459.1" yMin="467.5" yMax="479.5" priMin="101.9" priMax="612.0">
		<line>
			<word xMin="396.3" xMax="459.1" yMin="467.5" yMax="479.5" base="477.1" space="0" fontName="MFPHKO+HelveticaNeueLTStd-Blk" fontSize="13.4" charEdges="396.3,406.7,415.1,423.8,436.8,445.0,450.9"><![CDATA[Denmark]]></word>
		</line>
	</block>
	<block rot="0" xMin="375.7" xMax="409.4" yMin="491.3" yMax="500.1" priMin="126.3" priMax="417.8">
		<line>
			<word xMin="375.7" xMax="409.4" yMin="491.3" yMax="500.1" base="498.4" space="0" fontName="MFPHKO+HelveticaNeueLTStd-Blk" fontSize="9.8" charEdges="375.7,383.2,389.3,393.6,396.7,403.2"><![CDATA[Rating]]></word>
		</line>
	</block>
</flow>
<flow xMin="72.0" xMax="126.3" yMin="469.5" yMax="512.4" priMin="0.0" priMax="396.3">
	<block rot="0" xMin="92.7" xMax="101.9" yMin="469.5" yMax="481.8" priMin="0.0" priMax="396.3">
		<line>
			<word xMin="92.7" xMax="101.9" yMin="469.5" yMax="481.8" base="479.4" space="0" fontName="MFPHKO+HelveticaNeueLTStd-Blk" fontSize="13.8" charEdges="92.7"><![CDATA[6]]></word>
		</line>
	</block>
	<block rot="0" xMin="88.1" xMax="126.3" yMin="487.8" yMax="496.9" priMin="0.0" priMax="375.7">
		<line>
			<word xMin="88.1" xMax="126.3" yMin="487.8" yMax="496.9" base="495.1" space="0" fontName="MFPHKO+HelveticaNeueLTStd-Blk" fontSize="10.3" charEdges="88.1,97.9,104.3,110.2,113.5,119.8"><![CDATA[Mexico]]></word>
		</line>
	</block>
	<block rot="0" xMin="72.0" xMax="98.1" yMin="505.6" yMax="512.4" priMin="0.0" priMax="103.3">
		<line>
			<word xMin="72.0" xMax="98.1" yMin="505.6" yMax="512.4" base="511.0" space="0" fontName="MFPHKO+HelveticaNeueLTStd-Blk" fontSize="7.5" charEdges="72.0,77.8,82.5,85.8,88.3,93.4"><![CDATA[Rating]]></word>
		</line>
	</block>
</flow>
<flow xMin="103.3" xMax="125.3" yMin="502.0" yMax="514.6" priMin="98.1" priMax="369.5">
	<block rot="0" xMin="103.3" xMax="125.3" yMin="502.0" yMax="514.6" priMin="98.1" priMax="369.5">
		<line>
			<word xMin="103.3" xMax="125.3" yMin="502.0" yMax="514.6" base="512.1" space="0" fontName="MFPHKO+HelveticaNeueLTStd-Blk" fontSize="14.0" charEdges="103.3,111.3,115.9"><![CDATA[7.9]]></word>
		</line>
	</block>
</flow>
<flow xMin="417.8" xMax="448.5" yMin="486.9" yMax="503.3" priMin="409.4" priMax="612.0">
	<block rot="0" xMin="417.8" xMax="448.5" yMin="486.9" yMax="503.3" priMin="409.4" priMax="612.0">
		<line>
			<word xMin="417.8" xMax="448.5" yMin="486.9" yMax="503.3" base="500.0" space="0" fontName="MFPHKO+HelveticaNeueLTStd-Blk" fontSize="18.3" charEdges="417.8,430.2,436.3"><![CDATA[8.3]]></word>
		</line>
	</block>
</flow>
<flow xMin="65.8" xMax="131.5" yMin="518.1" yMax="542.6" priMin="0.0" priMax="369.5">
	<block rot="0" xMin="65.8" xMax="131.5" yMin="518.1" yMax="542.6" priMin="0.0" priMax="369.5">
		<line>
			<word xMin="70.8" xMax="86.8" yMin="518.1" yMax="524.5" base="523.1" space="1" fontName="MFPHGN+HelveticaNeueLTStd-Lt" fontSize="7.0" charEdges="70.8,75.2,79.2,83.2,84.9"><![CDATA[Pop.:]]></word>
			<word xMin="88.8" xMax="105.1" yMin="518.1" yMax="524.5" base="523.1" space="1" fontName="MFPHGN+HelveticaNeueLTStd-Lt" fontSize="7.0" charEdges="88.8,92.0,95.6,99.5,101.2"><![CDATA[113.7]]></word>
			<word xMin="107.0" xMax="126.4" yMin="518.1" yMax="524.5" base="523.1" space="0" fontName="MFPHGN+HelveticaNeueLTStd-Lt" fontSize="7.0" charEdges="107.0,113.0,114.4,115.8,117.2,118.7,122.7"><![CDATA[million]]></word>
		</line>
		<line>
			<word xMin="71.8" xMax="86.5" yMin="527.1" yMax="533.5" base="532.1" space="1" fontName="MFPHGN+HelveticaNeueLTStd-Lt" fontSize="7.0" charEdges="71.8,77.2,82.1"><![CDATA[GDP]]></word>
			<word xMin="88.5" xMax="98.1" yMin="527.1" yMax="533.5" base="532.1" space="1" fontName="MFPHGN+HelveticaNeueLTStd-Lt" fontSize="7.0" charEdges="88.5,92.6,96.2"><![CDATA[pc:]]></word>
			<word xMin="100.1" xMax="125.4" yMin="527.1" yMax="533.5" base="532.1" space="0" fontName="MFPHGN+HelveticaNeueLTStd-Lt" fontSize="7.0" charEdges="100.1,103.8,107.4,111.3,113.3,117.4,121.5"><![CDATA[$13,900]]></word>
		</line>
		<line>
			<word xMin="65.8" xMax="79.3" yMin="536.1" yMax="542.6" base="541.1" space="1" fontName="MFPHGN+HelveticaNeueLTStd-Lt" fontSize="7.0" charEdges="65.8,70.1,73.4,77.3"><![CDATA[Avg.]]></word>
			<word xMin="81.2" xMax="94.0" yMin="536.1" yMax="542.6" base="541.1" space="1" fontName="MFPHGN+HelveticaNeueLTStd-Lt" fontSize="7.0" charEdges="81.2,85.1,86.6,88.5,92.0"><![CDATA[Life:]]></word>
			<word xMin="95.9" xMax="112.9" yMin="536.1" yMax="542.6" base="541.1" space="1" fontName="MFPHGN+HelveticaNeueLTStd-Lt" fontSize="7.0" charEdges="95.9,99.6,103.6,105.4,109.1"><![CDATA[76.47]]></word>
			<word xMin="114.9" xMax="131.5" yMin="536.1" yMax="542.6" base="541.1" space="0" fontName="MFPHGN+HelveticaNeueLTStd-Lt" fontSize="7.0" charEdges="114.9,118.2,122.0,125.8,128.1"><![CDATA[years]]></word>
		</line>
	</block>
</flow>
<flow xMin="369.5" xMax="454.8" yMin="507.6" yMax="539.6" priMin="131.5" priMax="612.0">
	<block rot="0" xMin="369.5" xMax="454.8" yMin="507.6" yMax="539.6" priMin="131.5" priMax="612.0">
		<line>
			<word xMin="380.6" xMax="401.2" yMin="507.6" yMax="516.0" base="514.1" space="1" fontName="MFPHGN+HelveticaNeueLTStd-Lt" fontSize="9.1" charEdges="380.6,386.2,391.4,396.5,398.6"><![CDATA[Pop.:]]></word>
			<word xMin="403.7" xMax="416.3" yMin="507.6" yMax="516.0" base="514.1" space="1" fontName="MFPHGN+HelveticaNeueLTStd-Lt" fontSize="9.1" charEdges="403.7,408.7,411.2"><![CDATA[5.5]]></word>
			<word xMin="418.8" xMax="443.7" yMin="507.6" yMax="516.0" base="514.1" space="0" fontName="MFPHGN+HelveticaNeueLTStd-Lt" fontSize="9.1" charEdges="418.8,426.5,428.3,430.0,431.8,433.6,438.7"><![CDATA[million]]></word>
		</line>
		<line>
			<word xMin="377.2" xMax="396.2" yMin="519.3" yMax="527.8" base="525.9" space="1" fontName="MFPHGN+HelveticaNeueLTStd-Lt" fontSize="9.1" charEdges="377.2,384.0,390.4"><![CDATA[GDP]]></word>
			<word xMin="398.7" xMax="411.1" yMin="519.3" yMax="527.8" base="525.9" space="1" fontName="MFPHGN+HelveticaNeueLTStd-Lt" fontSize="9.1" charEdges="398.7,404.0,408.6"><![CDATA[pc:]]></word>
			<word xMin="413.7" xMax="447.1" yMin="519.3" yMax="527.8" base="525.9" space="0" fontName="MFPHGN+HelveticaNeueLTStd-Lt" fontSize="9.1" charEdges="413.7,418.9,424.1,429.1,431.5,436.7,442.0"><![CDATA[$36,600]]></word>
		</line>
		<line>
			<word xMin="369.5" xMax="386.9" yMin="531.1" yMax="539.6" base="537.7" space="1" fontName="MFPHGN+HelveticaNeueLTStd-Lt" fontSize="9.1" charEdges="369.5,375.1,379.3,384.3"><![CDATA[Avg.]]></word>
			<word xMin="389.4" xMax="405.7" yMin="531.1" yMax="539.6" base="537.7" space="1" fontName="MFPHGN+HelveticaNeueLTStd-Lt" fontSize="9.1" charEdges="389.4,394.5,396.2,398.6,403.2"><![CDATA[Life:]]></word>
			<word xMin="408.2" xMax="430.8" yMin="531.1" yMax="539.6" base="537.7" space="1" fontName="MFPHGN+HelveticaNeueLTStd-Lt" fontSize="9.1" charEdges="408.2,413.1,418.2,420.6,425.8"><![CDATA[78.63]]></word>
			<word xMin="433.4" xMax="454.8" yMin="531.1" yMax="539.6" base="537.7" space="0" fontName="MFPHGN+HelveticaNeueLTStd-Lt" fontSize="9.1" charEdges="433.4,437.6,442.5,447.4,450.4"><![CDATA[years]]></word>
		</line>
	</block>
</flow>
<flow xMin="58.1" xMax="156.0" yMin="584.9" yMax="651.4" priMin="0.0" priMax="374.3">
	<block rot="0" xMin="92.0" xMax="107.7" yMin="584.9" yMax="606.0" priMin="0.0" priMax="374.3">
		<line>
			<word xMin="92.0" xMax="107.7" yMin="584.9" yMax="606.0" base="601.8" space="0" fontName="MFPHKO+HelveticaNeueLTStd-Blk" fontSize="23.5" charEdges="92.0"><![CDATA[1]]></word>
		</line>
	</block>
	<block rot="0" xMin="73.8" xMax="156.0" yMin="615.8" yMax="628.9" priMin="0.0" priMax="357.6">
		<line>
			<word xMin="73.8" xMax="117.7" yMin="615.8" yMax="628.9" base="626.3" space="1" fontName="MFPHKO+HelveticaNeueLTStd-Blk" fontSize="14.6" charEdges="73.8,84.9,94.1,102.6,108.8"><![CDATA[Costa]]></word>
			<word xMin="122.6" xMax="156.0" yMin="615.8" yMax="628.9" base="626.3" space="0" fontName="MFPHKO+HelveticaNeueLTStd-Blk" fontSize="14.6" charEdges="122.6,133.6,138.2,147.1"><![CDATA[Rica]]></word>
		</line>
	</block>
	<block rot="0" xMin="58.1" xMax="94.7" yMin="641.8" yMax="651.4" priMin="0.0" priMax="103.8">
		<line>
			<word xMin="58.1" xMax="94.7" yMin="641.8" yMax="651.4" base="649.5" space="0" fontName="MFPHKO+HelveticaNeueLTStd-Blk" fontSize="10.7" charEdges="58.1,66.3,72.9,77.5,80.9,88.0"><![CDATA[Rating]]></word>
		</line>
	</block>
</flow>
<flow xMin="185.8" xMax="426.1" yMin="596.8" yMax="726.9" priMin="107.7" priMax="612.0">
	<block rot="0" xMin="374.3" xMax="385.2" yMin="596.8" yMax="611.4" priMin="107.7" priMax="612.0">
		<line>
			<word xMin="374.3" xMax="385.2" yMin="596.8" yMax="611.4" base="608.5" space="0" fontName="MFPHKO+HelveticaNeueLTStd-Blk" fontSize="16.3" charEdges="374.3"><![CDATA[4]]></word>
		</line>
	</block>
	<block rot="0" xMin="357.6" xMax="426.1" yMin="619.0" yMax="628.9" priMin="156.0" priMax="612.0">
		<line>
			<word xMin="357.6" xMax="426.1" yMin="619.0" yMax="628.9" base="626.9" space="0" fontName="MFPHKO+HelveticaNeueLTStd-Blk" fontSize="11.0" charEdges="357.6,365.1,374.8,378.4,383.2,389.4,396.4,401.3,404.9,411.7,418.9"><![CDATA[Switzerland]]></word>
		</line>
	</block>
	<block rot="0" xMin="346.8" xMax="377.4" yMin="639.8" yMax="647.7" priMin="137.6" priMax="385.0">
		<line>
			<word xMin="346.8" xMax="377.4" yMin="639.8" yMax="647.7" base="646.1" space="0" fontName="MFPHKO+HelveticaNeueLTStd-Blk" fontSize="8.9" charEdges="346.8,353.6,359.2,363.0,365.9,371.8"><![CDATA[Rating]]></word>
		</line>
	</block>
	<block rot="0" xMin="185.8" xMax="310.3" yMin="653.7" yMax="711.1" priMin="143.2" priMax="341.3">
		<line>
			<word xMin="185.8" xMax="204.7" yMin="653.7" yMax="661.1" base="659.5" space="1" fontName="MFPHGM+HelveticaNeueLTStd-Roman" fontSize="8.0" charEdges="185.8,190.9,195.6,200.3,202.4"><![CDATA[Pop.:]]></word>
			<word xMin="206.9" xMax="248.1" yMin="653.7" yMax="661.1" base="659.5" space="1" fontName="MFPHGM+HelveticaNeueLTStd-Roman" fontSize="8.0" charEdges="206.9,212.1,216.7,221.6,226.1,228.0,232.4,235.0,236.9,241.5,245.9"><![CDATA[Population;]]></word>
			<word xMin="250.4" xMax="267.5" yMin="653.7" yMax="661.1" base="659.5" space="1" fontName="MFPHGM+HelveticaNeueLTStd-Roman" fontSize="8.0" charEdges="250.4,256.6,262.3"><![CDATA[GDP]]></word>
			<word xMin="269.8" xMax="281.1" yMin="653.7" yMax="661.1" base="659.5" space="1" fontName="MFPHGM+HelveticaNeueLTStd-Roman" fontSize="8.0" charEdges="269.8,274.6,278.9"><![CDATA[pc:]]></word>
			<word xMin="283.3" xMax="305.2" yMin="653.7" yMax="661.1" base="659.5" space="0" fontName="MFPHGM+HelveticaNeueLTStd-Roman" fontSize="8.0" charEdges="283.3,289.6,292.3,297.0,301.2"><![CDATA[Gross]]></word>
		</line>
		<line>
			<word xMin="185.8" xMax="220.5" yMin="663.7" yMax="671.1" base="669.5" space="1" fontName="MFPHGM+HelveticaNeueLTStd-Roman" fontSize="8.0" charEdges="185.8,191.5,196.2,203.2,207.6,211.7,214.3,216.2"><![CDATA[Domestic]]></word>
			<word xMin="222.7" xMax="251.8" yMin="663.7" yMax="671.1" base="669.5" space="1" fontName="MFPHGM+HelveticaNeueLTStd-Roman" fontSize="8.0" charEdges="222.7,227.9,230.7,235.4,240.3,244.8,249.3"><![CDATA[Product]]></word>
			<word xMin="254.0" xMax="266.0" yMin="663.7" yMax="671.1" base="669.5" space="1" fontName="MFPHGM+HelveticaNeueLTStd-Roman" fontSize="8.0" charEdges="254.0,258.9,263.3"><![CDATA[per]]></word>
			<word xMin="268.2" xMax="290.7" yMin="663.7" yMax="671.1" base="669.5" space="0" fontName="MFPHGM+HelveticaNeueLTStd-Roman" fontSize="8.0" charEdges="268.2,272.6,277.0,281.9,283.8,286.4"><![CDATA[capita]]></word>
		</line>
		<line>
			<word xMin="185.8" xMax="199.3" yMin="673.7" yMax="681.1" base="679.5" space="1" fontName="MFPHGM+HelveticaNeueLTStd-Roman" fontSize="8.0" charEdges="185.8,187.9,190.5,195.0"><![CDATA[(the]]></word>
			<word xMin="201.5" xMax="220.6" yMin="673.7" yMax="681.1" base="679.5" space="1" fontName="MFPHGM+HelveticaNeueLTStd-Roman" fontSize="8.0" charEdges="201.5,205.5,209.9,211.8,216.3"><![CDATA[value]]></word>
			<word xMin="222.9" xMax="229.9" yMin="673.7" yMax="681.1" base="679.5" space="1" fontName="MFPHGM+HelveticaNeueLTStd-Roman" fontSize="8.0" charEdges="222.9,227.5"><![CDATA[of]]></word>
			<word xMin="232.1" xMax="255.1" yMin="673.7" yMax="681.1" base="679.5" space="1" fontName="MFPHGM+HelveticaNeueLTStd-Roman" fontSize="8.0" charEdges="232.1,236.8,241.5,246.2,251.1"><![CDATA[goods]]></word>
			<word xMin="257.3" xMax="271.0" yMin="673.7" yMax="681.1" base="679.5" space="1" fontName="MFPHGM+HelveticaNeueLTStd-Roman" fontSize="8.0" charEdges="257.3,261.7,266.3"><![CDATA[and]]></word>
			<word xMin="273.2" xMax="303.7" yMin="673.7" yMax="681.1" base="679.5" space="0" fontName="MFPHGM+HelveticaNeueLTStd-Roman" fontSize="8.0" charEdges="273.2,277.4,281.8,284.8,288.9,290.8,295.2,299.7"><![CDATA[services]]></word>
		</line>
		<line>
			<word xMin="185.8" xMax="221.1" yMin="683.7" yMax="691.1" base="689.5" space="1" fontName="MFPHGM+HelveticaNeueLTStd-Roman" fontSize="8.0" charEdges="185.8,190.6,193.4,198.1,202.9,207.5,211.9,216.4"><![CDATA[produced]]></word>
			<word xMin="223.4" xMax="232.1" yMin="683.7" yMax="691.1" base="689.5" space="1" fontName="MFPHGM+HelveticaNeueLTStd-Roman" fontSize="8.0" charEdges="223.4,228.1"><![CDATA[by]]></word>
			<word xMin="234.3" xMax="238.6" yMin="683.7" yMax="691.1" base="689.5" space="1" fontName="MFPHGM+HelveticaNeueLTStd-Roman" fontSize="8.0" charEdges="234.3"><![CDATA[a]]></word>
			<word xMin="240.8" xMax="270.4" yMin="683.7" yMax="691.1" base="689.5" space="1" fontName="MFPHGM+HelveticaNeueLTStd-Roman" fontSize="8.0" charEdges="240.8,245.3,249.9,254.5,259.0,261.6,264.6,268.2"><![CDATA[country,]]></word>
			<word xMin="272.7" xMax="299.3" yMin="683.7" yMax="691.1" base="689.5" space="1" fontName="MFPHGM+HelveticaNeueLTStd-Roman" fontSize="8.0" charEdges="272.7,277.5,279.3,283.4,285.3,290.1,294.6"><![CDATA[divided]]></word>
			<word xMin="301.6" xMax="310.3" yMin="683.7" yMax="691.1" base="689.5" space="0" fontName="MFPHGM+HelveticaNeueLTStd-Roman" fontSize="8.0" charEdges="301.6,306.3"><![CDATA[by]]></word>
		</line>
		<line>
			<word xMin="185.8" xMax="197.2" yMin="693.7" yMax="701.1" base="699.5" space="1" fontName="MFPHGM+HelveticaNeueLTStd-Roman" fontSize="8.0" charEdges="185.8,188.4,192.9"><![CDATA[the]]></word>
			<word xMin="199.4" xMax="227.4" yMin="693.7" yMax="701.1" base="699.5" space="1" fontName="MFPHGM+HelveticaNeueLTStd-Roman" fontSize="8.0" charEdges="199.4,204.0,208.5,215.5,220.3,224.8"><![CDATA[number]]></word>
			<word xMin="229.7" xMax="236.7" yMin="693.7" yMax="701.1" base="699.5" space="1" fontName="MFPHGM+HelveticaNeueLTStd-Roman" fontSize="8.0" charEdges="229.7,234.3"><![CDATA[of]]></word>
			<word xMin="238.9" xMax="268.0" yMin="693.7" yMax="701.1" base="699.5" space="1" fontName="MFPHGM+HelveticaNeueLTStd-Roman" fontSize="8.0" charEdges="238.9,243.7,248.2,252.9,257.7,259.6,263.9,265.8"><![CDATA[people);]]></word>
			<word xMin="270.3" xMax="286.1" yMin="693.7" yMax="701.1" base="699.5" space="1" fontName="MFPHGM+HelveticaNeueLTStd-Roman" fontSize="8.0" charEdges="270.3,275.3,279.3,283.9"><![CDATA[Avg.]]></word>
			<word xMin="288.4" xMax="303.7" yMin="693.7" yMax="701.1" base="699.5" space="0" fontName="MFPHGM+HelveticaNeueLTStd-Roman" fontSize="8.0" charEdges="288.4,293.0,294.8,297.2,301.5"><![CDATA[Life:]]></word>
		</line>
		<line>
			<word xMin="185.8" xMax="215.4" yMin="703.7" yMax="711.1" base="709.5" space="1" fontName="MFPHGM+HelveticaNeueLTStd-Roman" fontSize="8.0" charEdges="185.8,190.8,194.8,199.2,202.0,206.4,211.1"><![CDATA[Average]]></word>
			<word xMin="217.7" xMax="228.1" yMin="703.7" yMax="711.1" base="709.5" space="1" fontName="MFPHGM+HelveticaNeueLTStd-Roman" fontSize="8.0" charEdges="217.7,219.5,221.4,223.8"><![CDATA[life]]></word>
			<word xMin="230.3" xMax="274.5" yMin="703.7" yMax="711.1" base="709.5" space="0" fontName="MFPHGM+HelveticaNeueLTStd-Roman" fontSize="8.0" charEdges="230.3,234.6,238.8,243.7,248.1,252.6,255.2,259.7,264.2,268.6,272.2"><![CDATA[expectancy.]]></word>
		</line>
	</block>
	<block rot="0" xMin="186.2" xMax="336.4" yMin="720.4" yMax="726.9" priMin="0.0" priMax="612.0">
		<line>
			<word xMin="186.2" xMax="210.3" yMin="720.4" yMax="726.9" base="725.4" space="1" fontName="MFPHGN+HelveticaNeueLTStd-Lt" fontSize="7.0" charEdges="186.2,190.8,194.8,198.7,201.0,204.8,208.3"><![CDATA[Source:]]></word>
			<word xMin="212.2" xMax="336.4" yMin="720.4" yMax="726.9" base="725.4" space="0" fontName="MFPHGN+HelveticaNeueLTStd-Lt" fontSize="7.0" charEdges="212.2,216.1,218.4,220.5,224.4,226.5,228.4,230.8,236.1,240.1,242.5,243.9,248.1,252.2,256.0,258.2,262.0,266.1,269.9,273.4,277.2,281.2,283.2,287.1,290.9,295.0,299.2,300.7,304.6,308.4,311.9,315.3,317.2,321.0,324.9,326.7,328.6,332.5,334.0"><![CDATA[http://worlddatabaseofhappiness.eur.nl/]]></word>
		</line>
	</block>
</flow>
<flow xMin="103.8" xMax="137.6" yMin="637.0" yMax="654.8" priMin="94.7" priMax="185.8">
	<block rot="0" xMin="103.8" xMax="137.6" yMin="637.0" yMax="654.8" priMin="94.7" priMax="185.8">
		<line>
			<word xMin="103.8" xMax="137.6" yMin="637.0" yMax="654.8" base="651.3" space="0" fontName="MFPHKO+HelveticaNeueLTStd-Blk" fontSize="19.9" charEdges="103.8,117.4,124.3"><![CDATA[8.5]]></word>
		</line>
	</block>
</flow>
<flow xMin="385.0" xMax="412.5" yMin="635.8" yMax="650.6" priMin="377.4" priMax="612.0">
	<block rot="0" xMin="385.0" xMax="412.5" yMin="635.8" yMax="650.6" priMin="377.4" priMax="612.0">
		<line>
			<word xMin="385.0" xMax="412.5" yMin="635.8" yMax="650.6" base="647.6" space="0" fontName="MFPHKO+HelveticaNeueLTStd-Blk" fontSize="16.6" charEdges="385.0,396.3,401.5"><![CDATA[8.0]]></word>
		</line>
	</block>
</flow>
<flow xMin="52.6" xMax="143.2" yMin="659.5" yMax="694.4" priMin="0.0" priMax="185.8">
	<block rot="0" xMin="52.6" xMax="143.2" yMin="659.5" yMax="694.4" priMin="0.0" priMax="185.8">
		<line>
			<word xMin="63.8" xMax="86.1" yMin="659.5" yMax="668.7" base="666.6" space="1" fontName="MFPHGN+HelveticaNeueLTStd-Lt" fontSize="10.0" charEdges="63.8,69.9,75.5,81.0,83.3"><![CDATA[Pop.:]]></word>
			<word xMin="88.9" xMax="102.4" yMin="659.5" yMax="668.7" base="666.6" space="1" fontName="MFPHGN+HelveticaNeueLTStd-Lt" fontSize="10.0" charEdges="88.9,94.2,96.8"><![CDATA[4.6]]></word>
			<word xMin="105.2" xMax="132.0" yMin="659.5" yMax="668.7" base="666.6" space="0" fontName="MFPHGN+HelveticaNeueLTStd-Lt" fontSize="10.0" charEdges="105.2,113.5,115.4,117.3,119.1,121.0,126.6"><![CDATA[million]]></word>
		</line>
		<line>
			<word xMin="61.0" xMax="81.6" yMin="672.3" yMax="681.5" base="679.5" space="1" fontName="MFPHGN+HelveticaNeueLTStd-Lt" fontSize="10.0" charEdges="61.0,68.4,75.3"><![CDATA[GDP]]></word>
			<word xMin="84.4" xMax="97.9" yMin="672.3" yMax="681.5" base="679.5" space="1" fontName="MFPHGN+HelveticaNeueLTStd-Lt" fontSize="10.0" charEdges="84.4,90.2,95.1"><![CDATA[pc:]]></word>
			<word xMin="100.7" xMax="134.8" yMin="672.3" yMax="681.5" base="679.5" space="0" fontName="MFPHGN+HelveticaNeueLTStd-Lt" fontSize="10.0" charEdges="100.7,105.9,110.4,115.2,117.9,123.5,129.2"><![CDATA[$11,300]]></word>
		</line>
		<line>
			<word xMin="52.6" xMax="71.4" yMin="685.1" yMax="694.4" base="692.3" space="1" fontName="MFPHGN+HelveticaNeueLTStd-Lt" fontSize="10.0" charEdges="52.6,58.6,63.2,68.6"><![CDATA[Avg.]]></word>
			<word xMin="74.1" xMax="91.8" yMin="685.1" yMax="694.4" base="692.3" space="1" fontName="MFPHGN+HelveticaNeueLTStd-Lt" fontSize="10.0" charEdges="74.1,79.6,81.5,84.1,89.0"><![CDATA[Life:]]></word>
			<word xMin="94.5" xMax="117.3" yMin="685.1" yMax="694.4" base="692.3" space="1" fontName="MFPHGN+HelveticaNeueLTStd-Lt" fontSize="10.0" charEdges="94.5,100.0,104.2,106.5,111.7"><![CDATA[77.72]]></word>
			<word xMin="120.0" xMax="143.2" yMin="685.1" yMax="694.4" base="692.3" space="0" fontName="MFPHGN+HelveticaNeueLTStd-Lt" fontSize="10.0" charEdges="120.0,124.6,129.9,135.1,138.4"><![CDATA[years]]></word>
		</line>
	</block>
</flow>
<flow xMin="341.3" xMax="418.0" yMin="654.4" yMax="683.4" priMin="310.3" priMax="612.0">
	<block rot="0" xMin="341.3" xMax="418.0" yMin="654.4" yMax="683.4" priMin="310.3" priMax="612.0">
		<line>
			<word xMin="351.4" xMax="370.2" yMin="654.4" yMax="662.1" base="660.4" space="1" fontName="MFPHGN+HelveticaNeueLTStd-Lt" fontSize="8.3" charEdges="351.4,356.6,361.3,365.9,367.9"><![CDATA[Pop.:]]></word>
			<word xMin="372.5" xMax="383.0" yMin="654.4" yMax="662.1" base="660.4" space="1" fontName="MFPHGN+HelveticaNeueLTStd-Lt" fontSize="8.3" charEdges="372.5,376.1,378.4"><![CDATA[7.6]]></word>
			<word xMin="385.3" xMax="407.9" yMin="654.4" yMax="662.1" base="660.4" space="0" fontName="MFPHGN+HelveticaNeueLTStd-Lt" fontSize="8.3" charEdges="385.3,392.3,393.9,395.5,397.2,398.8,403.5"><![CDATA[million]]></word>
		</line>
		<line>
			<word xMin="348.1" xMax="365.3" yMin="665.1" yMax="672.8" base="671.0" space="1" fontName="MFPHGN+HelveticaNeueLTStd-Lt" fontSize="8.3" charEdges="348.1,354.3,360.1"><![CDATA[GDP]]></word>
			<word xMin="367.6" xMax="379.0" yMin="665.1" yMax="672.8" base="671.0" space="1" fontName="MFPHGN+HelveticaNeueLTStd-Lt" fontSize="8.3" charEdges="367.6,372.5,376.7"><![CDATA[pc:]]></word>
			<word xMin="381.3" xMax="411.2" yMin="665.1" yMax="672.8" base="671.0" space="0" fontName="MFPHGN+HelveticaNeueLTStd-Lt" fontSize="8.3" charEdges="381.3,386.0,390.5,394.8,397.0,401.8,406.6"><![CDATA[$42,600]]></word>
		</line>
		<line>
			<word xMin="341.3" xMax="357.2" yMin="675.7" yMax="683.4" base="681.7" space="1" fontName="MFPHGN+HelveticaNeueLTStd-Lt" fontSize="8.3" charEdges="341.3,346.4,350.3,354.9"><![CDATA[Avg.]]></word>
			<word xMin="359.5" xMax="374.3" yMin="675.7" yMax="683.4" base="681.7" space="1" fontName="MFPHGN+HelveticaNeueLTStd-Lt" fontSize="8.3" charEdges="359.5,364.1,365.7,367.9,372.0"><![CDATA[Life:]]></word>
			<word xMin="376.6" xMax="396.3" yMin="675.7" yMax="683.4" base="681.7" space="1" fontName="MFPHGN+HelveticaNeueLTStd-Lt" fontSize="8.3" charEdges="376.6,381.0,385.0,387.3,391.7"><![CDATA[81.07]]></word>
			<word xMin="398.6" xMax="418.0" yMin="675.7" yMax="683.4" base="681.7" space="0" fontName="MFPHGN+HelveticaNeueLTStd-Lt" fontSize="8.3" charEdges="398.6,402.4,406.9,411.3,414.1"><![CDATA[years]]></word>
		</line>
	</block>
</flow>
<flow xMin="27.0" xMax="32.7" yMin="753.8" yMax="763.4" priMin="0.0" priMax="40.2">
	<block rot="0" xMin="27.0" xMax="32.7" yMin="753.8" yMax="763.4" priMin="0.0" priMax="40.2">
		<line>
			<word xMin="27.0" xMax="32.7" yMin="753.8" yMax="763.4" base="760.2" space="0" fontName="MFPHGO+GalliardStd-Black" fontSize="9.0" charEdges="27.0"><![CDATA[2]]></word>
		</line>
	</block>
</flow>
<flow xMin="40.2" xMax="41.9" yMin="753.9" yMax="760.4" priMin="32.7" priMax="49.1">
	<block rot="0" xMin="40.2" xMax="41.9" yMin="753.9" yMax="760.4" priMin="32.7" priMax="49.1">
		<line>
			<word xMin="40.2" xMax="41.9" yMin="753.9" yMax="760.4" base="759.0" space="0" fontName="MFPHGM+HelveticaNeueLTStd-Roman" fontSize="7.0" charEdges="40.2"><![CDATA[|]]></word>
		</line>
	</block>
</flow>
<flow xMin="49.1" xMax="78.2" yMin="753.9" yMax="760.4" priMin="41.9" priMax="612.0">
	<block rot="0" xMin="49.1" xMax="78.2" yMin="753.9" yMax="760.4" priMin="41.9" priMax="612.0">
		<line>
			<word xMin="49.1" xMax="69.9" yMin="753.9" yMax="760.4" base="759.0" space="1" fontName="MFPHGM+HelveticaNeueLTStd-Roman" fontSize="7.0" charEdges="49.1,55.7,62.4,65.4"><![CDATA[UNIT]]></word>
			<word xMin="73.9" xMax="78.2" yMin="753.9" yMax="760.4" base="759.0" space="0" fontName="MFPHGM+HelveticaNeueLTStd-Roman" fontSize="7.0" charEdges="73.9"><![CDATA[1]]></word>
		</line>
	</block>
</flow>
</page>
