<?xml version="1.0" encoding="UTF-8"?>
<page width="612.0" height="783.0">
<flow xMin="87.0" xMax="223.5" yMin="40.7" yMax="89.5" priMin="0.0" priMax="486.5">
	<block rot="0" xMin="87.0" xMax="223.5" yMin="40.7" yMax="61.1" priMin="0.0" priMax="486.5">
		<line>
			<word xMin="87.0" xMax="223.5" yMin="40.7" yMax="61.1" base="56.5" space="0" fontName="MFPHFK+HelveticaNeueLTStd-Ex" fontSize="22.0" charEdges="87.0,107.8,123.7,140.4,157.1,162.6,178.4,194.5,209.0"><![CDATA[Happiness]]></word>
		</line>
	</block>
	<block rot="0" xMin="87.0" xMax="176.4" yMin="79.1" yMax="89.5" priMin="0.0" priMax="486.5">
		<line>
			<word xMin="87.0" xMax="130.7" yMin="79.1" yMax="89.5" base="86.7" space="1" fontName="MFPHFM+HelveticaNeueLTStd-LtEx" fontSize="8.0" charEdges="87.0,92.3,98.4,104.0,109.9,115.2,122.7,124.5"><![CDATA[ACADEMIC]]></word>
			<word xMin="132.7" xMax="176.4" yMin="79.1" yMax="89.5" base="86.7" space="0" fontName="MFPHFM+HelveticaNeueLTStd-LtEx" fontSize="8.0" charEdges="132.7,137.7,142.6,147.5,153.6,161.4,166.2,171.4"><![CDATA[PATHWAYS]]></word>
		</line>
	</block>
</flow>
<flow xMin="87.0" xMax="323.6" yMin="91.5" yMax="148.8" priMin="0.0" priMax="486.5">
	<block rot="0" xMin="87.0" xMax="323.6" yMin="91.5" yMax="148.8" priMin="0.0" priMax="486.5">
		<line>
			<word xMin="87.0" xMax="124.4" yMin="91.5" yMax="100.8" base="98.7" space="1" fontName="MFPHFK+HelveticaNeueLTStd-Ex" fontSize="10.0" charEdges="87.0,93.1,99.6,105.5,111.3,118.1"><![CDATA[Lesson]]></word>
			<word xMin="127.6" xMax="138.2" yMin="91.5" yMax="100.8" base="98.7" space="1" fontName="MFPHFK+HelveticaNeueLTStd-Ex" fontSize="10.0" charEdges="127.6,134.9"><![CDATA[A:]]></word>
			<word xMin="146.0" xMax="199.2" yMin="91.5" yMax="100.8" base="98.7" space="1" fontName="MFPHFK+HelveticaNeueLTStd-Ex" fontSize="10.0" charEdges="146.0,148.7,155.5,162.0,168.4,172.1,174.5,178.2,183.9,186.2,192.6"><![CDATA[Identifying]]></word>
			<word xMin="202.5" xMax="215.2" yMin="91.5" yMax="100.8" base="98.7" space="1" fontName="MFPHFK+HelveticaNeueLTStd-Ex" fontSize="10.0" charEdges="202.5,208.9"><![CDATA[an]]></word>
			<word xMin="218.4" xMax="260.4" yMin="91.5" yMax="100.8" base="98.7" space="1" fontName="MFPHFK+HelveticaNeueLTStd-Ex" fontSize="10.0" charEdges="218.4,224.7,231.2,234.9,241.3,248.0,252.0,254.6"><![CDATA[author’s]]></word>
			<word xMin="263.6" xMax="288.5" yMin="91.5" yMax="100.8" base="98.7" space="1" fontName="MFPHFK+HelveticaNeueLTStd-Ex" fontSize="10.0" charEdges="263.6,273.6,280.0,282.2"><![CDATA[main]]></word>
			<word xMin="291.8" xMax="319.5" yMin="91.5" yMax="100.8" base="98.7" space="0" fontName="MFPHFK+HelveticaNeueLTStd-Ex" fontSize="10.0" charEdges="291.8,294.0,300.8,307.3,313.7"><![CDATA[ideas]]></word>
		</line>
		<line>
			<word xMin="146.0" xMax="194.5" yMin="103.5" yMax="112.8" base="110.7" space="1" fontName="MFPHFK+HelveticaNeueLTStd-Ex" fontSize="10.0" charEdges="146.0,154.5,160.9,167.4,173.3,179.2,181.4,187.8"><![CDATA[Guessing]]></word>
			<word xMin="197.7" xMax="242.3" yMin="103.5" yMax="112.8" base="110.7" space="1" fontName="MFPHFK+HelveticaNeueLTStd-Ex" fontSize="10.0" charEdges="197.7,207.7,214.2,220.6,227.0,229.2,235.6"><![CDATA[meaning]]></word>
			<word xMin="245.5" xMax="269.5" yMin="103.5" yMax="112.8" base="110.7" space="1" fontName="MFPHFK+HelveticaNeueLTStd-Ex" fontSize="10.0" charEdges="245.5,248.9,252.9,259.6"><![CDATA[from]]></word>
			<word xMin="272.7" xMax="311.7" yMin="103.5" yMax="112.8" base="110.7" space="0" fontName="MFPHFK+HelveticaNeueLTStd-Ex" fontSize="10.0" charEdges="272.7,278.9,285.7,292.1,295.6,301.9,308.1"><![CDATA[context]]></word>
		</line>
		<line>
			<word xMin="87.0" xMax="124.4" yMin="115.5" yMax="124.8" base="122.7" space="1" fontName="MFPHFK+HelveticaNeueLTStd-Ex" fontSize="10.0" charEdges="87.0,93.1,99.6,105.5,111.3,118.1"><![CDATA[Lesson]]></word>
			<word xMin="127.6" xMax="138.1" yMin="115.5" yMax="124.8" base="122.7" space="1" fontName="MFPHFK+HelveticaNeueLTStd-Ex" fontSize="10.0" charEdges="127.6,134.9"><![CDATA[B:]]></word>
			<word xMin="146.0" xMax="222.0" yMin="115.5" yMax="124.8" base="122.7" space="1" fontName="MFPHFK+HelveticaNeueLTStd-Ex" fontSize="10.0" charEdges="146.0,153.8,160.2,167.0,173.6,177.6,183.5,187.2,193.6,200.0,206.7,209.0,215.4"><![CDATA[Understanding]]></word>
			<word xMin="225.3" xMax="231.6" yMin="115.5" yMax="124.8" base="122.7" space="1" fontName="MFPHFK+HelveticaNeueLTStd-Ex" fontSize="10.0" charEdges="225.3"><![CDATA[a]]></word>
			<word xMin="234.8" xMax="300.8" yMin="115.5" yMax="124.8" base="122.7" space="1" fontName="MFPHFK+HelveticaNeueLTStd-Ex" fontSize="10.0" charEdges="234.8,241.0,243.3,249.7,255.6,261.5,263.7,269.2,275.4,281.8,285.5,287.7,294.5"><![CDATA[classification]]></word>
			<word xMin="304.0" xMax="323.6" yMin="115.5" yMax="124.8" base="122.7" space="0" fontName="MFPHFK+HelveticaNeueLTStd-Ex" fontSize="10.0" charEdges="304.0,307.5,313.8,320.0"><![CDATA[text]]></word>
		</line>
		<line>
			<word xMin="87.0" xMax="124.4" yMin="127.5" yMax="136.8" base="134.7" space="1" fontName="MFPHFK+HelveticaNeueLTStd-Ex" fontSize="10.0" charEdges="87.0,93.1,99.6,105.5,111.3,118.1"><![CDATA[Lesson]]></word>
			<word xMin="127.6" xMax="138.5" yMin="127.5" yMax="136.8" base="134.7" space="1" fontName="MFPHFK+HelveticaNeueLTStd-Ex" fontSize="10.0" charEdges="127.6,135.3"><![CDATA[C:]]></word>
			<word xMin="146.0" xMax="207.9" yMin="127.5" yMax="136.8" base="134.7" space="1" fontName="MFPHFK+HelveticaNeueLTStd-Ex" fontSize="10.0" charEdges="146.0,148.7,155.1,158.8,162.7,169.5,176.2,182.6,188.9,192.6,194.9,201.6"><![CDATA[Introduction]]></word>
			<word xMin="211.1" xMax="221.4" yMin="127.5" yMax="136.8" base="134.7" space="1" fontName="MFPHFK+HelveticaNeueLTStd-Ex" fontSize="10.0" charEdges="211.1,214.7"><![CDATA[to]]></word>
			<word xMin="224.6" xMax="241.1" yMin="127.5" yMax="136.8" base="134.7" space="1" fontName="MFPHFK+HelveticaNeueLTStd-Ex" fontSize="10.0" charEdges="224.6,228.3,234.7"><![CDATA[the]]></word>
			<word xMin="244.4" xMax="298.0" yMin="127.5" yMax="136.8" base="134.7" space="0" fontName="MFPHFK+HelveticaNeueLTStd-Ex" fontSize="10.0" charEdges="244.4,251.0,257.4,261.4,267.7,274.5,278.5,284.9,291.7"><![CDATA[paragraph]]></word>
		</line>
		<line>
			<word xMin="146.0" xMax="181.8" yMin="139.5" yMax="148.8" base="146.7" space="1" fontName="MFPHFK+HelveticaNeueLTStd-Ex" fontSize="10.0" charEdges="146.0,156.5,160.6,162.8,166.5,168.8,175.2"><![CDATA[Writing]]></word>
			<word xMin="185.0" xMax="191.3" yMin="139.5" yMax="148.8" base="146.7" space="1" fontName="MFPHFK+HelveticaNeueLTStd-Ex" fontSize="10.0" charEdges="185.0"><![CDATA[a]]></word>
			<word xMin="194.6" xMax="219.9" yMin="139.5" yMax="148.8" base="146.7" space="1" fontName="MFPHFK+HelveticaNeueLTStd-Ex" fontSize="10.0" charEdges="194.6,198.1,204.8,211.6,213.8"><![CDATA[topic]]></word>
			<word xMin="223.2" xMax="271.2" yMin="139.5" yMax="148.8" base="146.7" space="0" fontName="MFPHFK+HelveticaNeueLTStd-Ex" fontSize="10.0" charEdges="223.2,229.0,235.6,242.0,245.5,252.1,258.5,264.7"><![CDATA[sentence]]></word>
		</line>
	</block>
</flow>
<flow xMin="486.5" xMax="575.3" yMin="0.6" yMax="202.0" priMin="323.6" priMax="612.0">
	<block rot="0" xMin="486.5" xMax="575.3" yMin="0.6" yMax="202.0" priMin="323.6" priMax="612.0">
		<line>
			<word xMin="486.5" xMax="575.3" yMin="0.6" yMax="202.0" base="147.8" space="0" fontName="MFPHFL+SabonLTStd-Bold" fontSize="154.9" charEdges="486.5"><![CDATA[1]]></word>
		</line>
	</block>
	<block rot="0" xMin="509.0" xMax="547.9" yMin="15.0" yMax="25.6" priMin="509.0" priMax="547.9">
		<line>
			<word xMin="509.0" xMax="547.9" yMin="15.0" yMax="25.6" base="23.2" space="0" fontName="MFPHFK+HelveticaNeueLTStd-Ex" fontSize="11.5" charEdges="509.0,521.2,534.1,539.3"><![CDATA[UNIT]]></word>
		</line>
	</block>
</flow>
<flow xMin="87.6" xMax="319.2" yMin="639.4" yMax="715.4" priMin="0.0" priMax="612.0">
	<block rot="0" xMin="87.6" xMax="249.3" yMin="639.4" yMax="655.2" priMin="0.0" priMax="612.0">
		<line>
			<word xMin="87.6" xMax="134.6" yMin="639.4" yMax="655.2" base="651.6" space="1" fontName="MFPHFK+HelveticaNeueLTStd-Ex" fontSize="17.0" charEdges="87.6,98.6,109.7,113.5,124.6"><![CDATA[Think]]></word>
			<word xMin="140.3" xMax="174.1" yMin="639.4" yMax="655.2" base="651.6" space="1" fontName="MFPHFK+HelveticaNeueLTStd-Ex" fontSize="17.0" charEdges="140.3,151.4,162.4"><![CDATA[and]]></word>
			<word xMin="179.8" xMax="249.3" yMin="639.4" yMax="655.2" base="651.6" space="0" fontName="MFPHFK+HelveticaNeueLTStd-Ex" fontSize="17.0" charEdges="179.8,193.4,197.3,207.4,218.1,229.2,239.3"><![CDATA[Discuss]]></word>
		</line>
	</block>
	<block rot="0" xMin="87.6" xMax="319.2" yMin="664.3" yMax="715.4" priMin="0.0" priMax="612.0">
		<line>
			<word xMin="87.6" xMax="95.5" yMin="664.3" yMax="673.8" base="671.6" space="1" fontName="MFPHGM+HelveticaNeueLTStd-Roman" fontSize="10.3" charEdges="87.6,92.7"><![CDATA[1.]]></word>
			<word xMin="100.7" xMax="124.6" yMin="664.3" yMax="673.8" base="671.6" space="1" fontName="MFPHGM+HelveticaNeueLTStd-Roman" fontSize="10.3" charEdges="100.7,110.2,115.9,121.4"><![CDATA[What]]></word>
			<word xMin="127.5" xMax="150.3" yMin="664.3" yMax="673.8" base="671.6" space="1" fontName="MFPHGM+HelveticaNeueLTStd-Roman" fontSize="10.3" charEdges="127.5,133.6,139.5,145.1"><![CDATA[does]]></word>
			<word xMin="153.1" xMax="158.6" yMin="664.3" yMax="673.8" base="671.6" space="1" fontName="MFPHGM+HelveticaNeueLTStd-Roman" fontSize="10.3" charEdges="153.1,155.4"><![CDATA[it]]></word>
			<word xMin="161.5" xMax="187.2" yMin="664.3" yMax="673.8" base="671.6" space="1" fontName="MFPHGM+HelveticaNeueLTStd-Roman" fontSize="10.3" charEdges="161.5,170.3,175.9,181.5"><![CDATA[mean]]></word>
			<word xMin="190.0" xMax="199.0" yMin="664.3" yMax="673.8" base="671.6" space="1" fontName="MFPHGM+HelveticaNeueLTStd-Roman" fontSize="10.3" charEdges="190.0,193.1"><![CDATA[to]]></word>
			<word xMin="201.8" xMax="213.4" yMin="664.3" yMax="673.8" base="671.6" space="1" fontName="MFPHGM+HelveticaNeueLTStd-Roman" fontSize="10.3" charEdges="201.8,207.9"><![CDATA[be]]></word>
			<word xMin="216.3" xMax="250.6" yMin="664.3" yMax="673.8" base="671.6" space="0" fontName="MFPHGM+HelveticaNeueLTStd-Roman" fontSize="10.3" charEdges="216.3,222.0,227.6,233.7,239.6,244.9"><![CDATA[happy?]]></word>
		</line>
		<line>
			<word xMin="87.6" xMax="95.9" yMin="678.8" yMax="688.4" base="686.2" space="1" fontName="MFPHGM+HelveticaNeueLTStd-Roman" fontSize="10.3" charEdges="87.6,93.1"><![CDATA[2.]]></word>
			<word xMin="101.0" xMax="126.1" yMin="678.8" yMax="688.4" base="686.2" space="1" fontName="MFPHGM+HelveticaNeueLTStd-Roman" fontSize="10.3" charEdges="101.0,107.0,112.7,115.0,120.8"><![CDATA[Think]]></word>
			<word xMin="128.9" xMax="137.9" yMin="678.8" yMax="688.4" base="686.2" space="1" fontName="MFPHGM+HelveticaNeueLTStd-Roman" fontSize="10.3" charEdges="128.9,134.8"><![CDATA[of]]></word>
			<word xMin="140.7" xMax="183.3" yMin="678.8" yMax="688.4" base="686.2" space="1" fontName="MFPHGM+HelveticaNeueLTStd-Roman" fontSize="10.3" charEdges="140.7,145.9,151.8,160.5,166.2,172.1,177.8"><![CDATA[someone]]></word>
			<word xMin="186.2" xMax="202.8" yMin="678.8" yMax="688.4" base="686.2" space="1" fontName="MFPHGM+HelveticaNeueLTStd-Roman" fontSize="10.3" charEdges="186.2,191.2,197.1"><![CDATA[you]]></word>
			<word xMin="205.6" xMax="230.3" yMin="678.8" yMax="688.4" base="686.2" space="1" fontName="MFPHGM+HelveticaNeueLTStd-Roman" fontSize="10.3" charEdges="205.6,211.1,216.8,222.5"><![CDATA[know]]></word>
			<word xMin="233.2" xMax="252.5" yMin="678.8" yMax="688.4" base="686.2" space="1" fontName="MFPHGM+HelveticaNeueLTStd-Roman" fontSize="10.3" charEdges="233.2,240.9,246.7"><![CDATA[who]]></word>
			<word xMin="255.4" xMax="285.7" yMin="678.8" yMax="688.4" base="686.2" space="1" fontName="MFPHGM+HelveticaNeueLTStd-Roman" fontSize="10.3" charEdges="255.4,260.5,266.2,271.8,280.6"><![CDATA[seems]]></word>
			<word xMin="288.6" xMax="319.2" yMin="678.8" yMax="688.4" base="686.2" space="0" fontName="MFPHGM+HelveticaNeueLTStd-Roman" fontSize="10.3" charEdges="288.6,294.3,299.8,305.9,311.8,316.4"><![CDATA[happy.]]></word>
		</line>
		<line>
			<word xMin="101.0" xMax="122.0" yMin="692.3" yMax="701.9" base="699.7" space="1" fontName="MFPHGM+HelveticaNeueLTStd-Roman" fontSize="10.3" charEdges="101.0,108.5,114.2"><![CDATA[How]]></word>
			<word xMin="124.8" xMax="136.8" yMin="692.3" yMax="701.9" base="699.7" space="1" fontName="MFPHGM+HelveticaNeueLTStd-Roman" fontSize="10.3" charEdges="124.8,130.9"><![CDATA[do]]></word>
			<word xMin="139.7" xMax="156.3" yMin="692.3" yMax="701.9" base="699.7" space="1" fontName="MFPHGM+HelveticaNeueLTStd-Roman" fontSize="10.3" charEdges="139.7,144.7,150.6"><![CDATA[you]]></word>
			<word xMin="159.2" xMax="183.9" yMin="692.3" yMax="701.9" base="699.7" space="1" fontName="MFPHGM+HelveticaNeueLTStd-Roman" fontSize="10.3" charEdges="159.2,164.6,170.3,176.1"><![CDATA[know]]></word>
			<word xMin="186.7" xMax="197.9" yMin="692.3" yMax="701.9" base="699.7" space="1" fontName="MFPHGM+HelveticaNeueLTStd-Roman" fontSize="10.3" charEdges="186.7,192.4"><![CDATA[he]]></word>
			<word xMin="200.8" xMax="210.1" yMin="692.3" yMax="701.9" base="699.7" space="1" fontName="MFPHGM+HelveticaNeueLTStd-Roman" fontSize="10.3" charEdges="200.8,206.7"><![CDATA[or]]></word>
			<word xMin="213.0" xMax="229.4" yMin="692.3" yMax="701.9" base="699.7" space="1" fontName="MFPHGM+HelveticaNeueLTStd-Roman" fontSize="10.3" charEdges="213.0,218.1,223.9"><![CDATA[she]]></word>
			<word xMin="232.2" xMax="239.6" yMin="692.3" yMax="701.9" base="699.7" space="1" fontName="MFPHGM+HelveticaNeueLTStd-Roman" fontSize="10.3" charEdges="232.2,234.5"><![CDATA[is]]></word>
			<word xMin="242.5" xMax="276.7" yMin="692.3" yMax="701.9" base="699.7" space="0" fontName="MFPHGM+HelveticaNeueLTStd-Roman" fontSize="10.3" charEdges="242.5,248.2,253.7,259.8,265.8,271.0"><![CDATA[happy?]]></word>
		</line>
		<line>
			<word xMin="101.0" xMax="142.1" yMin="705.8" yMax="715.4" base="713.2" space="1" fontName="MFPHGM+HelveticaNeueLTStd-Roman" fontSize="10.3" charEdges="101.0,108.3,113.9,119.1,124.7,128.2,130.4,136.6"><![CDATA[Describe]]></word>
			<word xMin="145.0" xMax="159.4" yMin="705.8" yMax="715.4" base="713.2" space="1" fontName="MFPHGM+HelveticaNeueLTStd-Roman" fontSize="10.3" charEdges="145.0,148.2,153.9"><![CDATA[the]]></word>
			<word xMin="162.3" xMax="197.2" yMin="705.8" yMax="715.4" base="713.2" space="0" fontName="MFPHGM+HelveticaNeueLTStd-Roman" fontSize="10.3" charEdges="162.3,168.4,174.0,177.6,182.8,188.8,194.4"><![CDATA[person.]]></word>
		</line>
	</block>
</flow>
<flow xMin="95.4" xMax="316.6" yMin="742.5" yMax="749.9" priMin="0.0" priMax="612.0">
	<block rot="0" xMin="95.4" xMax="316.6" yMin="742.5" yMax="749.9" priMin="0.0" priMax="612.0">
		<line>
			<word xMin="95.4" xMax="100.4" yMin="742.5" yMax="749.9" base="748.2" space="1" fontName="MFPHGN+HelveticaNeueLTStd-Lt" fontSize="8.0" charEdges="95.4"><![CDATA[A]]></word>
			<word xMin="102.7" xMax="122.1" yMin="742.5" yMax="749.9" base="748.2" space="1" fontName="MFPHGN+HelveticaNeueLTStd-Lt" fontSize="8.0" charEdges="102.7,106.4,110.7,115.4,118.0"><![CDATA[zebra]]></word>
			<word xMin="124.4" xMax="152.9" yMin="742.5" yMax="749.9" base="748.2" space="1" fontName="MFPHGN+HelveticaNeueLTStd-Lt" fontSize="8.0" charEdges="124.4,129.0,133.5,136.1,138.4,142.7,145.6,149.2"><![CDATA[butterfly]]></word>
			<word xMin="155.2" xMax="176.9" yMin="742.5" yMax="749.9" base="748.2" space="1" fontName="MFPHGN+HelveticaNeueLTStd-Lt" fontSize="8.0" charEdges="155.2,159.9,162.5,164.1,168.5,173.1"><![CDATA[brings]]></word>
			<word xMin="179.2" xMax="188.9" yMin="742.5" yMax="749.9" base="748.2" space="1" fontName="MFPHGN+HelveticaNeueLTStd-Lt" fontSize="8.0" charEdges="179.2,180.7,185.2"><![CDATA[joy]]></word>
			<word xMin="191.1" xMax="197.8" yMin="742.5" yMax="749.9" base="748.2" space="1" fontName="MFPHGN+HelveticaNeueLTStd-Lt" fontSize="8.0" charEdges="191.1,193.4"><![CDATA[to]]></word>
			<word xMin="200.0" xMax="204.2" yMin="742.5" yMax="749.9" base="748.2" space="1" fontName="MFPHGN+HelveticaNeueLTStd-Lt" fontSize="8.0" charEdges="200.0"><![CDATA[a]]></word>
			<word xMin="206.4" xMax="227.9" yMin="742.5" yMax="749.9" base="748.2" space="1" fontName="MFPHGN+HelveticaNeueLTStd-Lt" fontSize="8.0" charEdges="206.4,210.1,214.7,219.1,223.5"><![CDATA[young]]></word>
			<word xMin="230.2" xMax="240.5" yMin="742.5" yMax="749.9" base="748.2" space="1" fontName="MFPHGN+HelveticaNeueLTStd-Lt" fontSize="8.0" charEdges="230.2,234.7,236.3,239.0"><![CDATA[girl]]></word>
			<word xMin="242.7" xMax="248.6" yMin="742.5" yMax="749.9" base="748.2" space="1" fontName="MFPHGN+HelveticaNeueLTStd-Lt" fontSize="8.0" charEdges="242.7,244.3"><![CDATA[in]]></word>
			<word xMin="250.8" xMax="278.2" yMin="742.5" yMax="749.9" base="748.2" space="1" fontName="MFPHGN+HelveticaNeueLTStd-Lt" fontSize="8.0" charEdges="250.8,255.2,256.8,261.2,265.5,270.1,271.6,275.9"><![CDATA[Lincoln,]]></word>
			<word xMin="280.4" xMax="316.6" yMin="742.5" yMax="749.9" base="748.2" space="0" fontName="MFPHGN+HelveticaNeueLTStd-Lt" fontSize="8.0" charEdges="280.4,286.2,290.5,295.2,297.8,302.0,306.0,310.1,314.4"><![CDATA[Nebraska.]]></word>
		</line>
	</block>
</flow>
<flow xMin="561.2" xMax="566.9" yMin="753.1" yMax="762.7" priMin="0.0" priMax="612.0">
	<block rot="0" xMin="561.2" xMax="566.9" yMin="753.1" yMax="762.7" priMin="0.0" priMax="612.0">
		<line>
			<word xMin="561.2" xMax="566.9" yMin="753.1" yMax="762.7" base="759.6" space="0" fontName="MFPHGO+GalliardStd-Black" fontSize="9.0" charEdges="561.2"><![CDATA[1]]></word>
		</line>
	</block>
</flow>
</page>
